-- phpMyAdmin SQL Dump
-- version 4.6.6deb5
-- https://www.phpmyadmin.net/
--
-- Host: localhost:3306
-- Generation Time: Mar 08, 2019 at 06:29 PM
-- Server version: 5.7.25-0ubuntu0.18.04.2
-- PHP Version: 7.2.15-0ubuntu0.18.04.1

SET SQL_MODE = "NO_AUTO_VALUE_ON_ZERO";
SET time_zone = "+00:00";


/*!40101 SET @OLD_CHARACTER_SET_CLIENT=@@CHARACTER_SET_CLIENT */;
/*!40101 SET @OLD_CHARACTER_SET_RESULTS=@@CHARACTER_SET_RESULTS */;
/*!40101 SET @OLD_COLLATION_CONNECTION=@@COLLATION_CONNECTION */;
/*!40101 SET NAMES utf8mb4 */;

--
-- Database: `service`
--

-- --------------------------------------------------------

--
-- Table structure for table `md_customers`
--

CREATE TABLE `md_customers` (
  `cust_cd` int(20) NOT NULL,
  `cust_name` varchar(100) NOT NULL,
  `cust_addr` text NOT NULL,
  `cust_ph_no` varchar(50) DEFAULT NULL,
  `cust_email` varchar(50) DEFAULT NULL,
  `created_by` varchar(50) DEFAULT NULL,
  `created_dt` datetime DEFAULT NULL,
  `modified_by` varchar(50) DEFAULT NULL,
  `modified_dt` datetime DEFAULT NULL
) ENGINE=InnoDB DEFAULT CHARSET=latin1;

--
-- Dumping data for table `md_customers`
--

INSERT INTO `md_customers` (`cust_cd`, `cust_name`, `cust_addr`, `cust_ph_no`, `cust_email`, `created_by`, `created_dt`, `modified_by`, `modified_dt`) VALUES
(1, 'PACE COMPUTER SERVICES', 'P21, BOSE PARA LANE KOLKATA 700003', '9331057445', NULL, 'AMITS', NULL, NULL, NULL),
(2, 'FEEDBACK INFRA PVT.LTD', 'DN-10 MERLIN MAXTRIX, 6TH FLOOR,\nROOM NO-601,SALT LAKE SEC-V\nKOLKATA-700091', '99203029996', NULL, 'AMITS', NULL, NULL, NULL),
(3, 'LOHIA JUTE PRESS PVT.LTD', '112, CHITTARANJAN AVENUE\nKOLKATA-700073', '9830081445', NULL, 'AMITS', NULL, NULL, NULL),
(4, 'MICROVIEWS INFOSYSTEMS PVT.LTD', 'P-148A,CIT ROAD,SCHEME VIM\nKOLKATA-700054', '9831062145', NULL, 'AMITS', NULL, NULL, NULL),
(5, 'PENTWARE COMPUTER', '475 DUM DUM, ASWIRBAD APT. FLAT-9\n4TH FLOOR\nKOLKATA- 700055', '9331057445', NULL, 'AMITS', NULL, NULL, NULL),
(6, 'PROTEX COMPUTER PVT.LTD', 'P-148A CIT ROAD, SCHEME VIM\nKOLKATA-700054', '9831062145', NULL, 'AMITS', NULL, NULL, NULL),
(8, 'BIHAR  CO-OPERATIVE CREDIT SOCIETY .', 'GURHATTA CHOWK BHAGALPUR BIHAR', '0', NULL, 'RAKESH', NULL, NULL, NULL),
(9, 'SHRI RAM  FINANCE  CORPORATION  PVT  LTD', 'RAIPUR ROAD , BALODABAZAR -493332\r\nDIST BALODABAZAR', '98261929975', '', 'RAKESH', NULL, 'sss', '2019-03-01 07:01:53'),
(10, 'CYBER INFOSYS', 'SANTIPUR MARKET, MECHEDA, \nWEST BENGAL', '0', NULL, 'RAKESH', NULL, NULL, NULL),
(11, 'GARIAHAT FEE CAR PARKING CO-OP  SOCIETY  LTD', 'KOLKATA', '9874031827', NULL, 'RAKESH', NULL, NULL, NULL),
(12, 'NIGHTINGLE  FEE CAR PARKING  SAMABAY SAMITY    LTD', 'KOLKATA', '7890342775', NULL, 'RAKESH', NULL, NULL, NULL),
(13, 'PARKSTREET  FEE  PARKING CO-OP  SOCIETY LTD', 'P-44 , RABINDRA SARANI (5TH FLOOR )\nKOLKATA - 700001', '8420157296', NULL, 'RAKESH', NULL, NULL, NULL),
(14, 'ASSOCIATION OF KASBA INDUSTRIAL ESTATE ENTREPRENEURS  PHASE-1', 'NEWR RUBY HOSPETAL', '9830893397', NULL, 'RAKESH', NULL, NULL, NULL),
(15, 'DAWAGURI JHINAIDANGA SKUS LTD', 'COOCHBEHAR', '0', NULL, 'RAKESH', NULL, NULL, NULL),
(16, 'THE GHATAL PEOPLES’ CO –OPERATIVE BANK LTD.  GHATAL', 'PASCHIM MEDINIPUR', '0', NULL, 'RAKESH', NULL, NULL, NULL),
(17, 'INFRAVISION DEVELOPERS LLP.', 'HPL LINK ROAD, BARDHANNYA GHATA,\n\nKASHBERIA, HALDIA, PURBA MIDNAPUR.', '9903900447', NULL, 'RAKESH', NULL, NULL, NULL),
(18, 'STEEL AUTHORITY OF INDIA EMPLOYEES’ COOPERATIVE CREDIT  SOCIETY LIMITED', 'JEEVAN SUDHA BUILDING\n\n42C,JAWAHARLAL NEHRU ROAD,\n\nKOLKATA-700071', '0', NULL, 'RAKESH', NULL, NULL, NULL),
(19, 'SYNDICATE  BANK (GUWAHATI)', 'GUWAHATI', '0', NULL, 'AMITS', NULL, NULL, NULL),
(20, 'GITANJALI FEE CAR PARKING CO-OP SO. LTD', 'KOLKATA', '0', NULL, 'AMITS', NULL, NULL, NULL),
(21, 'SIMA SAHA', 'KOLKATA', '0', NULL, 'AMITS', NULL, NULL, NULL),
(22, 'SOUVIK  DEY', 'VILL+ PO – KESHAPAT\nDIST – PURBA MEDINIPUR\nPIN – 721139', '9609654534', NULL, 'AMITS', NULL, NULL, NULL),
(23, 'SUBARNABIHAR SKUS LTD', 'P.O.- AMGHATA , NADIA', '0', NULL, 'AMITS', NULL, NULL, NULL),
(24, 'GORANBOSE SKUS LTD', 'SOUTH 24 PAG', '0', NULL, 'AMITS', NULL, NULL, NULL),
(25, 'KHONDAKAR PARVEJ ALI', '1A/2/38AUROBINDA AVENUE,\nDURGAPUR -700107', '0', NULL, 'AMITS', NULL, NULL, NULL),
(26, 'CITIZEN URBAN C-OP  BANK', 'GANGTOK , SIKIM', '0', NULL, 'AMITS', NULL, NULL, NULL),
(27, 'HASANPUR KAZIPARA SKUS LTD', 'VILL : HASANPUR\nPO- AKHERIGANJ\nPS: RANITALA\nDIST: MURSHIDABAD \nPIN CODE : 742135\nPH : 9002098668', '9002098668', NULL, 'AMITS', NULL, NULL, NULL),
(28, 'RAIGANJ CENTRAL CO-OPERATIVE BANK LTD', 'UKILPARA, RAIGANJ, U/DINAJPUR\nPIN CODE : 733134', '0', NULL, 'AMITS', NULL, NULL, NULL),
(29, 'ASDADFH', 'KLOKHGF', '0', NULL, 'AMITS', NULL, NULL, NULL),
(30, 'ABC', 'KOLKATA', '56568989745', NULL, 'AMITS', NULL, NULL, NULL),
(31, 'BANKRA ANJUMAN ATHLETIC CLUB', 'HOWRAH - 711403', '9830821440', NULL, 'AMITS', NULL, NULL, NULL),
(32, 'RAHUL CO.', 'ODRISH', '0', NULL, 'AMITS', NULL, NULL, NULL),
(33, 'BAGNAN -1 MAHILA BIKAS CO-OP SOCEITY', 'BAGNAN-1', '0', NULL, 'AMITS', NULL, NULL, NULL),
(34, 'JAMHSEDPUR URBAN CO-OP BANK', 'JAMHSEDPUR', '0', NULL, 'AMITS', NULL, NULL, NULL),
(35, 'SK LALTU', 'BAGNAN , HOWRAH', '0', NULL, 'AMITS', NULL, NULL, NULL),
(36, 'KASHMOLI SKUS LTD', 'HOWRAH', '0', NULL, 'AMITS', NULL, NULL, NULL),
(37, 'PRATAP SERVICE CENTER,IOCL PUMP.', 'BANGRA HATT NH 28 SAMASTIPUR\n MOB:07654808687 ,9122967667', '9122967667', NULL, 'AMITS', NULL, NULL, NULL),
(38, 'GHAGHRA SERVICE STATION', 'MAJHANPURA MAJHI SARAN BIHAR', '0', NULL, 'AMITS', NULL, NULL, NULL),
(39, 'UNITED CO-OP FEE CARPARKING COLLEETORS SO. LTD', 'KOLKATA', '0', NULL, 'AMITS', NULL, NULL, NULL),
(40, 'MALDA CO-OP URBAN BANK LTD', 'MALDA', '0', NULL, 'AMITS', NULL, NULL, NULL),
(41, 'BIDYANANDAPUR  SKUS LTD', 'MALDA', '0', NULL, 'AMITS', NULL, NULL, NULL),
(42, 'DRMS LARGE SIXED MULTIPURPOSE CO-OP SOCIETY LTD', 'VILL.+ PO – RAIPUR\nDIST. - BANKURA', '0', NULL, 'AMITS', NULL, NULL, NULL),
(43, 'HENA FUEL', 'PURBA MEDNIPUR , CONTAI – 721401', '0', NULL, 'AMITS', NULL, NULL, NULL),
(44, 'BAGGAON SKUS LTD', 'MALDA', '0', NULL, 'AMITS', NULL, NULL, NULL),
(45, 'AMADPUR UNION COOP AGRICULTURE CREDIT SOC. LTD', 'P.O. – AMADPUR,BURDWAN .', '0', NULL, 'AMITS', NULL, NULL, NULL),
(46, 'HARIPUR SKUS LTD', 'SOUTH 24 PGS', '0', NULL, 'AMITS', NULL, NULL, NULL),
(47, 'JAGATBALLAV PUR ANCHAL SKUS LTD', 'JAGATBALLAVPUR,HOWRAH.', '0', NULL, 'AMITS', NULL, NULL, NULL),
(48, 'SRIDHAR SWAIN', 'KOLKATA', '0', NULL, 'AMITS', NULL, NULL, NULL),
(49, 'JMT HOSPITALITY SERVICE', 'DURGAPUR', '0', NULL, 'AMITS', NULL, NULL, NULL),
(50, 'S S ENDEAVORS', 'KASBA , KOLKATA', '0', NULL, 'AMITS', NULL, NULL, NULL),
(51, 'SUKLA CHATTERJEE', 'KABAR DANGA, KOLKATA', '0', NULL, 'AMITS', NULL, NULL, NULL),
(52, 'NILADRI CHARKRABORTY', 'TARAKESHWAR , 9732677218', '9732677218', NULL, 'AMITS', NULL, NULL, NULL),
(53, 'CHECK TECH INFOCOMM & POWER LLP', '1/40 SUCHETA NAGAR , HALTU ,\nKOLKATA – 78', '0', NULL, 'AMITS', NULL, NULL, NULL),
(54, 'DESHBANDHU SEVA SKUS LTD', 'KULIA , P.O.- BHATORA , DIST - HOWRAH', '0', NULL, 'AMITS', NULL, NULL, NULL),
(55, 'MOHAMMADPUR SKUS LTD', 'MALDA', '0', NULL, 'AMITS', NULL, NULL, NULL),
(56, 'PANDITPUR SKUS LTD', 'PANDITPUR , NADIA', '0', NULL, 'AMITS', NULL, NULL, NULL),
(57, 'SAKTINAGAR SKUS LTD', 'NADIA', '0', NULL, 'AMITS', NULL, NULL, NULL),
(58, 'GAGANDHULI SCS', 'NADIA', '0', NULL, 'AMITS', NULL, NULL, NULL),
(59, 'MEGA MALL MANAGEMENT SERVICE P LTD', 'KOLKATA', '0', NULL, 'AMITS', NULL, NULL, NULL),
(60, 'SUKUM ENTERPRISE', 'BIHAR', '0', NULL, 'AMITS', NULL, NULL, NULL),
(61, 'WEST BENGAL YOUTH FEE CAR PARKING CO-OP SOCIETY', 'KOLKATA', '0', NULL, 'AMITS', NULL, NULL, NULL),
(62, 'MUKTI WORLD', 'KOLKATA', '0', NULL, 'AMITS', NULL, NULL, NULL),
(63, 'KARAN ENTERPRISE', 'KOLKATA', '0', NULL, 'AMITS', NULL, NULL, NULL),
(64, 'HOT NUTS', '6/2A , A.J.C BOSE ROAD ,KOLKATA - 700017', '0', NULL, 'AMITS', NULL, NULL, NULL),
(65, 'HALDIRAM MADANLAL', '8/2 , JAGMOHAN MALLIK LANE , KOLKATA -700007', '0', NULL, 'AMITS', NULL, NULL, NULL),
(66, 'HARIBANSHA', '111 B.B. GHOSH ROAD , BURDWAN - 713101', '0', NULL, 'AMITS', NULL, NULL, NULL),
(67, 'BISHNUPUR ROWTARA PRIMARY AGRICULTURE', 'P.O. – NADIA BISHNUPUR , BLOCK :- KRISHNAGAR', '0', NULL, 'AMITS', NULL, NULL, NULL),
(68, 'RAIGUNG CO-OP.ARDB LTD', 'RAIGUNJ', '0', NULL, 'AMITS', NULL, NULL, NULL),
(69, 'KOSHI CO-OP CREDIT SOCIETY LTD', 'BIHAR', '0', NULL, 'AMITS', NULL, NULL, NULL),
(70, 'HINGALGANJ SERERATI SKUS LTD', 'NORTH 24 PARGANAS', '0', NULL, 'AMITS', NULL, NULL, NULL),
(71, 'GAZNA SKUS LTD', 'VILL & P.O. –GAZNA , NADIA', '0', NULL, 'AMITS', NULL, NULL, NULL),
(72, 'MITHAI', '48B, SYED AMIR ALI AVENUE , KOLKATA - 700017', '0', NULL, 'AMITS', NULL, NULL, NULL),
(73, 'UJJALA CHANACHUR', 'SHYAMA PARASAD MUKHERJEE ROAD, KOLKATA - 700026', '0', NULL, 'AMITS', NULL, NULL, NULL),
(74, 'MAA DURGA ENTERPRISE', '3 PRINCEP LANE, 1ST FLOOR ROOM NO. 103 , BHAGWATI CHANBER, KOLKATA - 700072', '0', NULL, 'AMITS', NULL, NULL, NULL),
(75, 'CHIRANJIT BANIK', 'MOLLAR GATE, SANTESHPUR , KOLKATA - 142', '0', NULL, 'AMITS', NULL, NULL, NULL),
(76, 'JOYPUR S.K.U.S. LTD', 'JOYPUR', '0', NULL, 'AMITS', NULL, NULL, NULL),
(77, 'DHUBULIA SKUS LTD', 'VILL = P.O. - DHUBULIA  ,DIST - NADIA', '0', NULL, 'AMITS', NULL, NULL, NULL),
(78, 'SHYAM PRAKASH CHATURVEDI', 'B.P.ENCLAVE, S.F. ROAD , SHOP NO- 4\nASANSOL - 713303', '0', NULL, 'AMITS', NULL, NULL, NULL),
(79, 'ASIAN TEA & EXPORTS LTD', 'SIKKIM COMMERCE HOUSE , 4/1 MIDDLETON HOUSE STREET,\nKOLKATA - 700071', '0', NULL, 'AMITS', NULL, NULL, NULL),
(80, 'DATTA CONSTRUCTION', 'KHIRISHTALA , SONARPUR, KOLKATA - 150', '0', NULL, 'AMITS', NULL, NULL, NULL),
(81, 'RAJ SOLANKI', 'G.T ROAD, KAKARSOL.', '0', NULL, 'AMITS', NULL, NULL, NULL),
(82, 'BARUIPUR BABSAYA SAMITY', 'BARUIPUR COURT BAZAR', '0', NULL, 'AMITS', NULL, NULL, NULL),
(83, 'SHYAMAPRASANNA SKUS LTD.', 'DIST. - HOWRAH', '0', NULL, 'AMITS', NULL, NULL, NULL),
(84, 'SREE CHAITANYA CO-OPERATIVE BANK LTD', '159 , PORAMATALA ROAD , DHOPWALI MORE ,NABADWIP , NADIA PIN - 741302', '0', NULL, 'AMITS', NULL, NULL, NULL),
(85, 'MURSHIDABAD  DISTRICT CENTRAL CO-OP BANK LTD', '49 BB SEN ROAD , BARHAMPOUR, MURSHIDABAD', '0', NULL, 'AMITS', NULL, NULL, NULL),
(86, 'UTKAL FINANCIAL CO. OPERATIVE  SOCITY LTD', 'AT/PO - RAGHUNATHPUR , DIST.- JAGATSINGHPUR , ODISHA - 754132', '0', NULL, 'AMITS', NULL, NULL, NULL),
(87, 'TRIMOHINI SKUS LTD', 'BALURGHAT', '0', NULL, 'AMITS', NULL, NULL, NULL),
(88, 'AD  INFOTECH', 'HOUSE NO. - 247 , NARENGI , FORESTGATE , ASEB ROAD - PIN - 781026', '0', NULL, 'AMITS', NULL, NULL, NULL),
(89, 'BRAHAMANAGAR  SKUS LTD', 'USHIDPUR , DIST- NADIA ,', '0', NULL, 'AMITS', NULL, NULL, NULL),
(90, 'SOUTH CITY PROJECTS KOLKATA LTD', 'KOLKATA', '0', NULL, 'AMITS', NULL, NULL, NULL),
(91, 'VENKATESH FOUNDATION  PRIVATE LIMITED', '104,R.B.AVENUE, KOLKATA-700029', '0', NULL, 'AMITS', NULL, NULL, NULL),
(93, 'DONGFANG ELECTRIC (INDIA) PRIVATE LIMITED', 'PLOT - AH/5 , PREMISES NO. MAR16-1111 , AA-1A,KOLKATA - 700156', '0', NULL, 'AMITS', NULL, NULL, NULL),
(94, 'SOUTHEND AGENCY', 'KOLKATA', '0', NULL, 'AMITS', NULL, NULL, NULL),
(95, 'SR ENTERPRISE', '72 BIJAY LAKSHMI COLONY, BARASAT ,\nKOLKATA 126,  ; PH NO. 9051668952', '9051668952', NULL, 'AMITS', NULL, NULL, NULL),
(96, 'PIONNER CO-OPERATIVE CAR PARKING SCS LTD', '33/1 NETAJI SUBHAS ROAD , KOLKATA-700001', '0', NULL, 'AMITS', NULL, NULL, NULL),
(97, 'SWAGATA ENTERPRISE', 'NEW TOWN , DIAMOND HARBOUR', '0', NULL, 'AMITS', NULL, NULL, NULL),
(98, 'KASBA KORNER', '1/84/A , BB CHATTERJEE ROAD, KOLKATA - 42', '0', NULL, 'AMITS', NULL, NULL, NULL),
(99, 'SAMRAT KITCHEN', '5B, SAHA LANE, KOLKATA - 7,', '9831040027', NULL, 'AMITS', NULL, NULL, NULL),
(100, 'GUNJA SKUS LTD', 'GUNJA , GOLBERA \nDIST- PURULIA', '0', NULL, 'AMITS', NULL, NULL, NULL),
(101, 'SUBHANKAR SAHA', '40/6 , LN KABIRAJ ROAD , POST - GARIFA ,\nP.S. - NAIHATI , PIN - 743166', '0', NULL, 'AMITS', NULL, NULL, NULL),
(102, 'THE MANGO TREE', '4B/1 , DR. RADHA GOBINDO NATH SARANI\nKOLKATA - 7000333', '0', NULL, 'AMITS', NULL, NULL, NULL),
(103, 'BOKARO STEEL EMPLOYEE CO-OP.CREDIT SOCIETY', '13 CAMAC STREET KOLKATA-700017', '0', NULL, 'AMITS', NULL, NULL, NULL),
(104, 'PUSPA SWEETS', 'PANDAVESWAR FULLBAGAN MORE , BURDWAN', '0', NULL, 'AMITS', NULL, NULL, NULL),
(105, 'ANTARA', 'P.O: DAKSHIN GOBINDAPUR, BARUIPUR,\nKOLKATA-700145', '0', NULL, 'AMITS', NULL, NULL, NULL),
(106, 'S S SALES AGENCY', 'CHHAT GURIAHATI , CHAKIRMORE', '0', NULL, 'AMITS', NULL, NULL, NULL),
(107, 'MAMA BAGNA HOTEL', 'JALAN COMPLEX , JANGALPUR , HOWRAH', '0', NULL, 'AMITS', NULL, NULL, NULL),
(108, 'RANJIT COMPUTER', 'SUKANTA PALLY , MALANCH ROAD , KHARAGPUR - 721304', '0', NULL, 'AMITS', NULL, NULL, NULL),
(109, 'HOPEX ENTERTAINMENT PVT LTD', 'NEW ALIPORE COLLEGE', '0', NULL, 'AMITS', NULL, NULL, NULL),
(110, 'DYNAMIC COMPUTER', 'KAZI COMPLEX , NEW MARKET , MEMARI ,\nBURDWAN - 713146', '0', NULL, 'AMITS', NULL, NULL, NULL),
(111, 'SANKHASREE BAG CENTRE', '28,B.N. GHOSAL ROAD , BELGHARIA , KOLKATA - 700056', '0', NULL, 'AMITS', NULL, NULL, NULL),
(112, 'MD HAYDER ALI', 'MACHER PARA , NEW TOWN , KOLKATA - 700157', '0', NULL, 'AMITS', NULL, NULL, NULL),
(113, 'J S IT TECHNOLOGIES', '17,LALIT MITRA LANE , KOLKATA - 700004', '0', NULL, 'AMITS', NULL, NULL, NULL),
(114, 'GANPATI SWEETS', 'HOTEL VINAYAK, BELOW INDIAN OVERSEAS BANK\nSILIGURI - 01', '0', NULL, 'AMITS', NULL, NULL, NULL),
(115, 'BAGGHAR', '9, KARL MARX SARANI, ( KIDDERPORE CROSSING ),\nKOLKATA - 23', '0', NULL, 'AMITS', NULL, NULL, NULL),
(116, 'SCIENCE CITY', 'J.B.S HALDANE AVENUE , KOLKATA - 700046', '0', NULL, 'AMITS', NULL, NULL, NULL),
(117, 'CP SOLUTION', 'VILL+P.O - SCARSAFE, RAJBARI , BABU PARA NEAR GIRLS COLLAGE , RANIGUNJ, DIST - BURDWAN - 713', '0', NULL, 'AMITS', NULL, NULL, NULL),
(118, 'RUNNEL HOSPITALITY MANAGEMENT PVT LTD', 'FALTA , SOUTH 24 PGS, PIN - 743504', '0', NULL, 'AMITS', NULL, NULL, NULL),
(119, 'RAJARHAT SKUS LTD', 'VILL - JATRAPUR , P.O. - RAJARHAT , COOCHBEHAR\nWEST BENGAL - 736165', '0', NULL, 'AMITS', NULL, NULL, NULL),
(120, 'DREAM CREATION', 'R.N. TAGORE ROAD,NEAR KADAMTALAI  KRISHNAGAR\nNADIA', '0', NULL, 'AMITS', NULL, NULL, NULL),
(121, 'KANCHAN MOY SEN', 'PARKSTREET , KOLKATA', '0', NULL, 'AMITS', NULL, NULL, NULL),
(122, 'NIRMAL CHANDRA SAHA', 'PARK STREET , KOLKATA', '0', NULL, 'AMITS', NULL, NULL, NULL),
(123, 'THE ASSAM CO-OPERATIVE APEX BANK LTD', 'PANBAZAR , GUWAHATI-781001', '0', NULL, 'AMITS', NULL, NULL, NULL),
(124, 'GLOBAL TECHNOLOGY SOLUTION', '1NO NAGAR BAZAR ROAD , DUMDUM , KOL - 700028', '0', NULL, 'AMITS', NULL, NULL, NULL),
(125, 'JANATA URBAN CREDIT CO-OP SOCIETY LTD', 'MAIN ROAD\nKALIMPONG – 734301', '0', NULL, 'AMITS', NULL, NULL, NULL),
(126, 'PUJA MALL SHOP OWNERS WELFARE SOCIETY', 'PUJA MALL , KHARAGPUR', '0', NULL, 'AMITS', NULL, NULL, NULL),
(127, 'PRABIR DAS', 'PRABIR DAS', '0', NULL, 'AMITS', NULL, NULL, NULL),
(128, 'UBER INDIA SYSTEMS  PVT LTD', 'NO. 36A, PRATAPADITYA ROAD ,  POLICE STATION, TOLLYGUNGE, KOLKATA, WEST BENGAL 700019 , IND KOLKATA (36A PRATAPADITYA,ROAD ,', '0', NULL, 'AMITS', NULL, NULL, NULL),
(129, 'ABHINANDAN VARIETY STORES', 'BIRA DINGI 2NO LANE , HOWRAH - 711108', '0', NULL, 'AMITS', NULL, NULL, NULL),
(130, 'COFFEE HOUSE CLASSIC', 'BAZARPARA , ULUBERIA , HOWRAH', '0', NULL, 'AMITS', NULL, NULL, NULL),
(131, 'CALCUTTA SWEETS', 'KHUDIRAMPALLY ( SABJIBAZAR ) SILIGURI\nCITY CENTER, MATIGARA', '0', NULL, 'AMITS', NULL, NULL, NULL),
(132, 'BAWALI. C.S SHOP', 'BAWALI , NADAKHALI , 24 PGS ( SOUTH )', '0', NULL, 'AMITS', NULL, NULL, NULL),
(133, 'AMRIT SWEETS & SNACKS', 'GAURISHANKAR MARKET, BIDHAN ROAD , SILIGURI - 01', '0', NULL, 'AMITS', NULL, NULL, NULL),
(134, 'SOURAV DAS', 'BHOWANIPUR, KOLKATA , 9830283127', '0', NULL, 'AMITS', NULL, NULL, NULL),
(135, 'NEW JUGNU SALES', 'COLOOTOLA STREET , KOLKATA - 700073', '0', NULL, 'AMITS', NULL, NULL, NULL),
(136, 'DOLLYS', 'DAKSHINAPAN , SHOP NO - 62 , GARIYA GAT ROAD ,KOLKATA - 68', '0', NULL, 'AMITS', NULL, NULL, NULL),
(137, 'UNITECH', '155, SALEPUR STREET\nKOLKATA-700144', '0', NULL, 'AMITS', NULL, NULL, NULL),
(138, 'NABADWIP THANA AGRICULTURE CO-OP MARKETING SO LTD', 'VILL - MIYAPARA , P.O. - JOANIA BHALUKA ,\nDIST - NADIA', '0', NULL, 'AMITS', NULL, NULL, NULL),
(139, 'JIVIKA PROFICIENT NIDHI LIMITED', 'C/O KOUSHALYA DEVI , HAJIPUR , WARD NO - 11,NEAR ALLAHABAD BANK  , KHAGARIA, PIN - 851204', '0', NULL, 'AMITS', NULL, NULL, NULL),
(140, 'NSD ORNAMENTS', '44,NALINI SET ROAD , KOLKATA - 7(SONA PATTI )', '0', NULL, 'AMITS', NULL, NULL, NULL),
(141, 'RAJA SWADESHI KENDRA', 'CHANDANNAGAR , 9883342277', '0', NULL, 'AMITS', NULL, NULL, NULL),
(142, 'KAJAL KUMAR MONDAL', 'GOVERMENT HOUSING , CITY CENTRE\nDURGAPUR', '0', NULL, 'AMITS', NULL, NULL, NULL),
(143, 'CLASSIC TANDOOR RESTAURANT', '409 LAKE GARDENS (LORDS MORE)\nKOLKATA-700045', '0', NULL, 'AMITS', NULL, NULL, NULL),
(144, 'K K ENTERPRISE', '2, TEMPLE STREET , KOLKATA - 72', '0', NULL, 'AMITS', NULL, NULL, NULL),
(145, 'UDYANARAYANPUR THANA L.S. PRY. CO-OP A.M.S LTD', 'UDYANARAYANPUR , HOWRAH', '0', NULL, 'AMITS', NULL, NULL, NULL),
(146, 'THE PARK HOTEL & RESTAURENT', 'DIGHA ROAD, CONTAI, PURBA MEDNIPUR\nPH:- 973387235', '0', NULL, 'AMITS', NULL, NULL, NULL),
(147, 'SUKLAS KITCHEN', '1/1B , BIJOYGARH , JADAVPUR , KOLKATA - 700032', '0', NULL, 'AMITS', NULL, NULL, NULL),
(148, 'SHADE ALLADE', '122/1/H/12 , DR. SURESH CHANDRA BANERJEE ROAD\nKOLKATA - 700011', '0', NULL, 'SUJIT', NULL, NULL, NULL),
(149, 'NEW MIRCH MASALA', '50/5 , BOTANIKAL GARDEN ROAD , B GARDEN, HOWRAH-700003', '0', NULL, 'SUJIT', NULL, NULL, NULL),
(150, 'PALLAB BASU', 'ULUBERIA , HOWRAH , PIN - 711315', '0', NULL, 'SUJIT', NULL, NULL, NULL),
(151, 'ABANIS ELECTRNOICS', 'EAST MEDINIPUR , PIN - 721429', '0', NULL, 'SUJIT', NULL, NULL, NULL),
(152, 'SHREE BALAJEE TRADERS', 'GUWAHATI , ASSAM', '0', NULL, 'SUJIT', NULL, NULL, NULL),
(153, 'J S IT TECHNOLOGIES', '17,LALIT MITRA LANE , KOLKATA - 700004', '0', NULL, 'SUJIT', NULL, NULL, NULL),
(154, 'AD  INFOTECH', 'HOUSE NO. - 247 , NARENGI , FORESTGATE\nASEB ROAD - PIN - 781026', '0', NULL, 'SUJIT', NULL, NULL, NULL),
(155, 'FASHION FOREVER', 'C/63 , BAGHAJATIN STATION ROAD , KOLKATA - 92', '0', NULL, 'SUJIT', NULL, NULL, NULL),
(156, 'SILICON MARKETING INDIA', '18, NETAJI SUBHAS ROAD , 3RD FLOOR . ROOM NO - 9 ,', '0', NULL, 'SUJIT', NULL, NULL, NULL),
(157, 'SHYAMALI MARKETING & SERVICE', 'MANIKTALA ( BESIDE SP OFFICE ) TAMLUK ,\nPURBA MEDNIPUR - 721636', '0', NULL, 'SUJIT', NULL, NULL, NULL),
(158, 'ADI GOPAL BASTRALAYA', '101 , FIDER ROAD , BELGARIA , KOLKATA - 700056', '0', NULL, 'SUJIT', NULL, NULL, NULL),
(159, 'BEDWIN RESTAURANT & CATERER', 'JAL KAL BUILDING , K. J. SANYAL ROAD ,\nENGLISH BAZAR ,POLICE STATION , MALDA - 732101', '0', NULL, 'SUJIT', NULL, NULL, NULL),
(160, 'GREEN VIEW', 'DATTA PARA , FATEPUR', '0', NULL, 'SUJIT', NULL, NULL, NULL),
(161, 'SARADA SWEETS', 'DUDHIA BAZAR , MIRIK ROAD , PIN - 734217', '0', NULL, 'SUJIT', NULL, NULL, NULL),
(162, 'ABANIS ELECTRNOICS', 'EAST MEDINIPUR , PIN - 721429', '0', NULL, 'SUJIT', NULL, NULL, NULL),
(163, 'BAPPA KUNDU', 'BANKURA', '0', NULL, 'SUJIT', NULL, NULL, NULL),
(164, 'SHINING SOCIAL WELFARE SOCIETY', 'VILL - SUBARNABIHAR , P.O. - AMGHATA , DIST - NADIA', '0', NULL, 'SUJIT', NULL, NULL, NULL),
(165, 'PRITILATA WOMENS CO-OP CREDIT SOCIETY LTD', 'MALDA', '0', NULL, 'SUJIT', NULL, NULL, NULL),
(166, 'UDAYNARAYANPUR UNION L.S. PACS LTD.', 'UDYANARAYANPUR , HOWRAH', '0', NULL, 'SUJIT', NULL, NULL, NULL),
(167, 'RAIGANJ PEOPLES CO-OPERATIVE CREDIT SOCIETY LTD', 'N.S.ROAD, RAIGANJ, DIST- UTTAR DINAJPUR', '0', NULL, 'SUJIT', NULL, NULL, NULL),
(168, 'JATRAPUR SKUS LTD', 'JATRAPUR, NODIA', '0', NULL, 'SUJIT', NULL, NULL, NULL),
(169, 'RATULIA SKUS LTD', 'PURBA MEDINIPUR', '0', NULL, 'SUJIT', NULL, NULL, NULL),
(170, 'PIONNER SERVICES AND SOLUTIONS', 'BANGALPUR, BAGNAN , HOWRAH -711303', '0', NULL, 'SUJIT', NULL, NULL, NULL),
(171, 'SAMATA CO-OP DEVELOPMENT BANK LTD', 'ED BLOCK , SALT LAKE , KOLKATA - 700091', '0', NULL, 'SUJIT', NULL, NULL, NULL),
(172, 'PARTHA SARATHI PAUL', 'TINSUKIA BRANCH, ANKIT TOWER\n1ST FLOOR, SR LOHIA ROAD,\nTINSUKIA, ASSAM-786125', '0', NULL, 'SUJIT', NULL, NULL, NULL),
(173, 'DIPALI MAZUMDER', '10/13 SARIJINI NAIDU PATH , CITY CENTRE ,DURGAPUR , PIN - 713216', '0', NULL, 'SUJIT', NULL, NULL, NULL),
(174, 'B.P. FASHION', 'METIABAZAR , A.C. IDEAL HAT , SHOP NO - 101', '0', NULL, 'SUJIT', NULL, NULL, NULL),
(175, 'HEMRAJ RAMGOPAL', 'BHARAT PETROLEUM CORP. LTD , N.S.ROAD\nP.O & P.S.- KALIYAGANJ. , DIST- UTTAR DINAJPUR.\nWEST BENGAL , PIN-733129.', '0', NULL, 'SUJIT', NULL, NULL, NULL),
(176, 'MEGATHERM ELECTRONICS PVT LTD', 'PLOT - L1 , BLOCK - GP , SEC- V , SALT LAKE CITY ,KOLKATA - 91', '0', NULL, 'SUJIT', NULL, NULL, NULL),
(177, 'SABYASACHI DAS ADHIKARY', 'MIDNAPUR', '0', NULL, 'SUJIT', NULL, NULL, NULL),
(178, 'PURBA CHAPANI SKUS LTD', 'DIST.-JALPAIGURI , P.O.-CHAPANI\nPIN-736206', '0', NULL, 'SUJIT', NULL, NULL, NULL),
(179, 'SARAN ENTERPRISE', '11/8 HCMCHANDRA NASKAR ROAD, KOL- 700084', '0', NULL, 'SUJIT', NULL, NULL, NULL),
(180, 'SURANJAN SANYAL', '145, U B PMB  SARANI , HOOGHLY', '0', NULL, 'SUJIT', NULL, NULL, NULL),
(181, 'PAPARAZZO', '8/101, BIJOYGARH , KOLKATA - 700032', '0', NULL, 'SUJIT', NULL, NULL, NULL),
(182, 'DIMPAL BAR CUM RESTAURANT', '12 NO, DUMDAM ROAD , NAGAR BAZAR , KOLKATA - 700074', '0', NULL, 'SUJIT', NULL, NULL, NULL),
(183, 'ALISHA STYLE JONE', 'KADAMTOLA , MAGRAHAT', '0', NULL, 'SUJIT', NULL, NULL, NULL),
(184, 'SULAV SAJALAYA', 'BAGNAN STATION ROAD ,NORTH , BAHNAN , HOWRAH', '0', NULL, 'SUJIT', NULL, NULL, NULL),
(185, 'MAHAMAYA ENTERPEISE', 'SUBHAS ROAD , BANKURA - 722101', '0', NULL, 'SUJIT', NULL, NULL, NULL),
(186, 'LOKENATH MARKET TOTAL TRAVEL SOLUTION', 'SUBHAS ROAD, MACHANTOLA, BANKURA 722101', '0', NULL, 'SUJIT', NULL, NULL, NULL),
(187, 'MANOJ JEWELLERS', 'MACHANTOLA, BANKURA 722101', '0', NULL, 'SUJIT', NULL, NULL, NULL),
(188, 'KOALITY SWEETS & SNACKS', 'GAURISHANKAR MARKET , BIDHAN ROAD\nSILIGURI', '0', NULL, 'SUJIT', NULL, NULL, NULL),
(189, 'THE TIMBUKTU COLLECTIVE', 'CHENNEKOTHAPALLI VILLAGE (POST),\nANANTAPUR - 515101\nANDHRA PRADESH, INDIA', '0', NULL, 'SUJIT', NULL, NULL, NULL),
(190, 'NAFARGANJ SKUS LTD', 'VILL & P.O. – NAFARGANJ\nDIST.-SOUTH 24 PARGANAS', '0', NULL, 'SUJIT', NULL, NULL, NULL),
(191, 'JAG DAMBA FILLING', 'SATISH KUMAR , RAIL WAY MAAL GODOWN, BARMA SALE\nPETROL PUMP , HAJIPUR , DIST - VAISALI ( BIHAR)', '0', NULL, 'SUJIT', NULL, NULL, NULL),
(192, 'KOLKATA - RAYCHAK BUS OWNER WELFARE ASSOCIATION', 'C.B. T - ESPLANADE , ROUTE NO- 210, GUMTI\nNEAR - SAHEED MINER, P.S  - MAIDAN ,\nKOLKATA - 700069', '0', NULL, 'SUJIT', NULL, NULL, NULL),
(193, 'NE ENTERPRISE', '7, SYED SALLY LANE, KOLKATA - 700007', '0', NULL, 'SUJIT', NULL, NULL, NULL),
(194, 'DRB ENTERPRISES', '6, SYED SALLY LANE , KOLKATA - 7', '0', NULL, 'SUJIT', NULL, NULL, NULL),
(195, 'ARNAB MITRA', '1 NO , DIGIRPAR , CANNING ROAD ,', '0', NULL, 'SUJIT', NULL, NULL, NULL),
(196, 'LOKNATH SERVICE STATION', 'JESSORE ROAD , ( NEAR CHONGDA PARK ), HATTHUBA\nHABRA , NORTH 24 PGS, W.B. - 743269', '0', NULL, 'SUJIT', NULL, NULL, NULL),
(197, 'ANTHEN SECURITY GUARDS PVT LTD', '8B , CHANDRA MONDAL LANE , KOLKATA - 700026', '0', NULL, 'SUJIT', NULL, NULL, NULL),
(198, 'SHROFF ENTERPRISE', 'NETAJI SUBHAS ROAD , DEOGHAR – 814112\nJHARKHAND', '0', NULL, 'SUJIT', NULL, NULL, NULL),
(199, 'JITESH NUNDUN', '96C, ASHUTOSH MUKHERJEE ROAD\nKOLKATA - 700025', '0', NULL, 'SUJIT', NULL, NULL, NULL),
(200, 'ARANYA CANTEEN', 'FOODIZM CATERERS, OFFICE OF THE PCCF & HOFF\nPANJABARI ,ASSAM , GUWAHATI - 37', '0', NULL, 'SUJIT', NULL, NULL, NULL),
(201, 'M.F.T PARTNER', '8B DESHAPRIYA PARK,\nWEST BENGAL, KOLKATA-700026', '0', NULL, 'SUJIT', NULL, NULL, NULL),
(202, 'PERFECT MARKETING', '30, TILAK ROAD, HAKIMPARA\nSILIGURI, DARJEELING', '0', NULL, 'SUJIT', NULL, NULL, NULL),
(203, 'PRASANTA SANYAL', 'ASHOKEPALLY RAIGANJ , DIST - NORTH DINAJPUR\nP.S. - RAIGANJ , P.O.- RAIGANJ', '0', NULL, 'SUJIT', NULL, NULL, NULL),
(204, 'TARA MAA TRADERS', '9, DILIP GANGULY SARANI , KOLKATA - 108', '0', NULL, 'SUJIT', NULL, NULL, NULL),
(205, 'SRI GANESH HOTEL', 'B.R. ROAD , MANGALDAI , DARRANG ( ASSAM ) 784125', '0', NULL, 'SUJIT', NULL, NULL, NULL),
(206, 'RETAIL SYSTEM', 'SHOPNO. 6 , SHIV MUNI MARKET , HARI TOWER/ ST. PAUL\nSCHOOL , BUDHA COLONY , PATNA - 1', '0', NULL, 'SUJIT', NULL, NULL, NULL),
(207, 'DAKSHIN SERPUR SKUS', 'VILL - DAKSHIN SERPUR , P.O - PANPUR , P.S. - AMTA,\nDIST - HOWRAH ,', '0', NULL, 'SUJIT', NULL, NULL, NULL),
(208, 'SRI VINAYAK SERVICES', 'SHIV MANDIR LANE, S/O SHIV SHANKAR PRASAD,  AZAD,\nBASTI, JEMCO, ROAD NO.3, JAMSHEDPUR,\nEAST SINGHBHUM', '0', NULL, 'SUJIT', NULL, NULL, NULL),
(209, 'SUPRATIK PATRA', '50,SWATI ENCLAVE,1D RAJGARH LINK ROAD,\nANIL NAGAR , GUWAHATI - 781007', '0', NULL, 'SUJIT', NULL, NULL, NULL),
(210, 'KANHA BEAUTY HOUSE', 'S.P. MUKHERJEE ROAD , NEAR GURUDWARA\nMURGASOL , ASANSOL - 713303', '0', NULL, 'SUJIT', NULL, NULL, NULL),
(211, 'TECHNA INFRASTRUCTURE PVT. LTD.', 'BENGAL INTELLIGENT PARK, BUILDING – B, GROUND FLOOR,\nPLOT- A2M2N2, BLOCK- EP & GP,KOLKATA – 700 091', '0', NULL, 'SUJIT', NULL, NULL, NULL),
(212, 'KAMALENDU ROY', 'BARUIPUR, UKILPARA,\nKOLKATA - 700 144', '0', NULL, 'SUJIT', NULL, NULL, NULL),
(213, 'SONI PRASAD GUPTA', '16/2 DOVER TERRACE,\nKOLKATA - 700 019', '0', NULL, 'SUJIT', NULL, NULL, NULL),
(214, 'AMBUJA REALITY DEVELOPMENT IMITED', 'VIDHAN SABHA ROAD (NEAR CANAL SADDU) MOWA,', '0', NULL, 'SUJIT', NULL, NULL, NULL),
(215, 'SUKUM ENTERPRISE', '39,1ST FLOOR DAK BANGLA MARKET\nSASARAM, ROHTAS , BIHAR – 821115', '0', NULL, 'SUJIT', NULL, NULL, NULL),
(216, 'BAPPA KUNDU', '', '0', NULL, 'SUJIT', NULL, NULL, NULL),
(217, 'BAPPA KUNDU', 'BANKURA', '0', NULL, 'SUJIT', NULL, NULL, NULL),
(218, 'GUPTA  SNAKES & RESTURANT', 'HILL CART ROAD , SILIGURI , PIN - 734001', '0', NULL, 'SUJIT', NULL, NULL, NULL),
(219, 'BANDHAN GARMANTS', 'MAHAVIR MARKET, 1 ST FLOOR , MAIN ROAD\nPURULIA - 723101', '0', NULL, 'SUJIT', NULL, NULL, NULL),
(220, 'MRINMOY THAOSEN', 'JATIA KAHILIPARA ROAD\nGUWAHATI - 781006', '0', NULL, 'SUJIT', NULL, NULL, NULL),
(221, 'DYNAMIQ', 'SIKKIM EXPRESS BUILDING, NAMNANG ROAD\nGANGTOK- 737101 , SIKKIM', '0', NULL, 'SUJIT', NULL, NULL, NULL),
(222, 'DEBASMITA BHATTARCHARYA', 'KARUNAMOI, HARIDEVPUR', '0', NULL, 'SUJIT', NULL, NULL, NULL),
(223, 'KANHAIYA PRAKASH SHAW', '17B,  ABHYA SARKAR LANE , KOLKATA-  700020', '0', NULL, 'SUJIT', NULL, NULL, NULL),
(224, 'NABA KRISHNA GUIN', '9B , NIRMAL CH. STREET , KOLKATA - 700012', '0', NULL, 'SUJIT', NULL, NULL, NULL),
(225, 'BALAJI SYSTEMS INTEGRATION', '42B,  PRINCE  GOLAM , HOSSAIN  SAHA ROAD,\nJADAVPUR , KOLKATA - 700032', '0', NULL, 'SUJIT', NULL, NULL, NULL),
(226, 'GREENZEN BIO PVT LTD', 'S-25, 2ND FLOOR, PBR TOWER, NEAR DON BOSCO MORE,\nSEVOKE ROAD, SILIGURI, PIN- 734001.', '0', NULL, 'SUJIT', NULL, NULL, NULL),
(227, 'SRI VINAYAK SERVICES', 'SHIV MANDIR LANE, S/O SHIV SHANKAR PRASAD,  AZAD,\nBASTI, JEMCO, ROAD NO.3, JAMSHEDPUR,\nEAST SINGHBHUM', '0', NULL, 'SUJIT', NULL, NULL, NULL),
(228, 'NEW CLASSIC CATERERS PVT. LTD.', '26/1 , BHAIRAB DUTTA LANE , SALKIA\nHOWRAH -711106', '0', NULL, 'SUJIT', NULL, NULL, NULL),
(229, 'GLOBAL TECHNOLOGY SOLUTION', '1NO NAGAR BAZAR ROAD , DUMDUM , KOL - 700028', '0', NULL, 'SUJIT', NULL, NULL, NULL),
(230, 'BARRAH GP SKUS LTD', 'PURULIA , NATUN GRAM ,', '0', NULL, 'SUJIT', NULL, NULL, NULL),
(231, 'RAMPURHAT CO-OP.ARDB LTD', 'RAMPURHAT, BIRBHUM', '0', NULL, 'SUJIT', NULL, NULL, NULL),
(232, 'ZYGOX INFOTECH PVT.LTD.', '8, 1ST CROSS , 2 ND , STAGE, 8, 1ST CROSS , 2 ND , STAGE', '0', NULL, 'SUJIT', NULL, NULL, NULL),
(233, 'FLUENTGRID LTD', 'LEVEL5, 9-29-19/A , WALTAIR HEIGHT , BALAJI NAGARVISAKHAPATNAM - 530003', '0', NULL, 'SUJIT', NULL, NULL, NULL),
(234, 'PHOENIX IT SOLUTIONS LTD', '', '0', NULL, 'SUJIT', NULL, NULL, NULL),
(235, 'GREEZEN BIO PVT. LTD.', 'S-25, 2ND FLOOR, PBR TOWER, NEAR DON BOSCO MORE,\nSEVOKE ROAD, SILIGURI, PIN- 734001.', '0', NULL, 'SUJIT', NULL, NULL, NULL),
(236, 'RAMPURHAT CO-OP.ARDB LTD', 'RAMPURHAT, BIRBHUM', '0', NULL, 'SUJIT', NULL, NULL, NULL),
(237, 'RAMPURHAT CO-OP.ARDB LTD', 'RAMPURHAT, BIRBHUM', '0', NULL, 'SUJIT', NULL, NULL, NULL),
(238, 'SAKTINAGAR SKUS LTD', 'SAKTINAGAR , DIST:-NADIA', '0', NULL, 'SUJIT', NULL, NULL, NULL),
(239, 'DHAN- SANCHAY THIRFT & CREDIT CO-OP SOCEITY LTD', 'VILL - SIMALABARI PT -2,VILL - SIMALABARI PT -2,PIN CODE - B783371', '0', NULL, 'SUJIT', NULL, NULL, NULL),
(240, 'HINGALGANJ SERERATI SKUS LTD', 'HINGALGUNJ\nNORTH 24 PARGANAS', '0', NULL, 'SUJIT', NULL, NULL, NULL),
(241, 'BIRINCHI BARI SKUS LTD.', 'BASANTI , SOUTH 24 PARGANAS', '0', NULL, 'SUJIT', NULL, NULL, NULL),
(242, 'BHARAT REKHA NIRMANA PROJECTS ( BRNP)', 'HOUSH NO . 86(A) , JYOTI NAGAR , NAGAON ,\nASSAM - 782001', '0', NULL, 'SUJIT', NULL, NULL, NULL),
(243, 'HOPEX ENTERTAINMENT PVT LTD', 'NEW ALIPORE COLLEGE', '0', NULL, 'SUJIT', NULL, NULL, NULL),
(244, 'D WIN DRAGON', '237 N S BOSE ROAD,\nKOLKATA 47', '0', NULL, 'SUJIT', NULL, NULL, NULL),
(245, 'NEW  FANCY BAGS', '245 C MAHATMA GANDI ROAD , HARIDEVPUR ,\nKOLKATA - 700082', '0', NULL, 'SUJIT', NULL, NULL, NULL),
(246, 'ANNAPURNA STORES', 'NUNGI, MAHESH TALA,KOLKATA - 7000140', '0', NULL, 'SUJIT', NULL, NULL, NULL),
(247, 'M.K. YO STATION', 'GARALGACHA , KALIPUR , CHECKPOST , HOOGHLY', '0', NULL, 'SUJIT', NULL, NULL, NULL),
(248, 'ACRE THE FASHION HUB', 'SHOP - 31,AVANI RIVER SIDE MALL,\nMOBILE NO - 7278367586', '0', NULL, 'SUJIT', NULL, NULL, NULL),
(249, 'AD  INFOTECH', 'HOUSE NO. - 247 , NARENGI , FORESTGATE\nASEB ROAD - PIN - 781026', '0', NULL, 'SUJIT', NULL, NULL, NULL),
(250, 'SETT SERVICE STATION', 'G T ROAD ,CHANDANNAGAR,\nHOOGHLY 712136', '0', NULL, 'SUJIT', NULL, NULL, NULL),
(251, 'SETT SERVICE STATION', 'G T ROAD, CHANDANNAGAR,\nHOOGHLY 712136', '0', NULL, 'SUJIT', NULL, NULL, NULL),
(252, 'SAKT TECHNOLOGIES INDIA', 'DIOMOND ARCADE, OFFICE NO - 412 ,\n68, JESSORE ROAD , KOLKATA - 700055', '0', NULL, 'SUJIT', NULL, NULL, NULL),
(253, 'KRAZZY FOR CHICKEN', 'KOLKATA', '0', NULL, 'SUJIT', NULL, NULL, NULL),
(254, 'CHATTERJEE CORNAR', 'TULSHI BARI , RAGHUNATHGANG ,', '0', NULL, 'SUJIT', NULL, NULL, NULL),
(255, 'NEW BHAGWAN STORE', 'CHANDANNAGAR', '0', NULL, 'SUJIT', NULL, NULL, NULL),
(256, 'SHREE BALAJEE TRADERS', 'GUWAHATI , ASSAM', '0', NULL, 'SUJIT', NULL, NULL, NULL),
(257, 'THE HERB &  SPICES', 'GENEXX VALLY , RESIDENTIAL COMPLEX , JOKA\nKOLKATA - 700104', '0', NULL, 'SUJIT', NULL, NULL, NULL),
(258, 'BIHAR CO-OP CREDIT SOCIETY LTD', 'RAHIM MARKET , GURHATTA CHOWK\nBHAGALPUR – 812002 , BIHAR', '0', NULL, 'SUJIT', NULL, NULL, NULL),
(259, 'RAJARHAT SKUS LTD', 'VILL - JATRAPUR , P.O. - RAJARHAT , COOCHBEHAR\nWEST BENGAL - 736165', '0', NULL, 'SUJIT', NULL, NULL, NULL),
(260, 'THE UNION  CO-OP BANK LTD', 'BARUIPUR', '0', NULL, 'SUJIT', NULL, NULL, NULL),
(261, 'BAGNAN -1 MAHILA BIKASH CO-OPE.CREDIT SOCEITY', 'BANGALPUR, BAGNAN , HOWRAH -711303', '0', NULL, 'SUJIT', NULL, NULL, NULL),
(262, 'INFRAVISION DEVELOPERS LLP.', 'HPL LINK ROAD, BARDHANNYA GHATA,\nKASHBERIA, HALDIA, PURBA MIDNAPUR.', '0', NULL, 'SUJIT', NULL, NULL, NULL),
(263, 'VANAM MAHILA COOPERATIVE SOCIETY', '1-7-641, SUBEDARI, HANAMKONDA\nWARANGAL - 506001', '0', NULL, 'SUJIT', NULL, NULL, NULL),
(264, 'JIVIKA PROFICIENT NIDHI LIMITED', 'C/O KOUSHALYA DEVI , HAJIPUR , WARD NO - 11\nNEAR ALLAHABAD BANK  , KHAGARIA, PIN - 851204', '0', NULL, 'SUJIT', NULL, NULL, NULL),
(265, 'ASANSOL  MINI BUS ASSOCIATE', '142, APCARGARDEN , P.O.- ASANSOL ,\nDIST - P. BARDHAMAN , PIN - 713304', '0', NULL, 'SUJIT', NULL, NULL, NULL),
(266, 'SANGHATI SELF HELP GROUP', 'BAGNAN', '0', NULL, 'SUJIT', NULL, NULL, NULL),
(267, 'ANKUR PARIDA', 'KRISHNAPUR , CHRISTANPARA,\nKOLKATA - 102', '0', NULL, 'SUJIT', NULL, NULL, NULL),
(268, 'MAA DURGA CATERERS', 'MOHISBATHAN MB 572,\nNEWTOWN , KOLKATA - 102', '0', NULL, 'SUJIT', NULL, NULL, NULL),
(269, 'SURJO BAKSHI', 'S.C  SEN ROAD\nNILKUNTHIDANGA , PURULIA', '0', NULL, 'SUJIT', NULL, NULL, NULL),
(270, 'TOUS LES JOURS CONFORT', 'WBVHA TOWER, 580 ANANDAPUR\nKOLKATA', '0', NULL, 'SUJIT', NULL, NULL, NULL),
(271, 'CHAI PE CHARCHA', 'AT MEDICA SUPERSPECIALITY HOSPITAL\nKOLKATA, 127 MUKUNDAPUR, E.M. BYPASS', '0', NULL, 'SUJIT', NULL, NULL, NULL),
(272, 'BALAJI ENTERPRISE', 'AKANTO APON BUILDING, 1ST FLOOR, ROOM NO - 38\nNEAR CHOWRINGHEE KALI MANDIR, SHYAMNAGAR', '0', NULL, 'SUJIT', NULL, NULL, NULL),
(273, 'NEW PUNJABI HOTEL & RESTAURANT', '394, D.H. ROAD , KOLKATA - 700034', '0', NULL, 'SUJIT', NULL, NULL, NULL),
(274, 'LOGARHYTHM CONSULTANCY PVT. LTD.(S)', '113 PARK STREET,PODDAR POINT\nREAR PORTION, KOLKATA - 700  016', '0', NULL, 'SUJIT', NULL, NULL, NULL),
(275, 'INDIAN RAILWAY CATERING & TOURISM CORPORATION LTD', 'OLD KOILGHAT BUILDING , 3 KOILAGHAT STREE ,\nKOLKATA - 700001', '0', NULL, 'SUJIT', NULL, NULL, NULL),
(277, 'COOCHBEHAR CO-OP.ARDB', 'DIST.-COOCHBEHAR , WEST BENGAL', '0', NULL, 'SUJIT', NULL, NULL, NULL),
(278, 'WOMAN CO-OPERATIVE CREDIT SOCIETY LTD.', 'RANINAGAR - 1,ISLAMPUR,', '0', NULL, 'SUJIT', NULL, NULL, NULL),
(279, 'MANGALDAI NAGAR SAMABAI BANK LTD', 'LNB ROAD, MANGALDAI, DARRANG,\nASSAM - 784125', '9854320286', NULL, 'BAPPA', NULL, NULL, NULL),
(280, 'KATWA – KALNA CO-OP ARDB LTD', 'K.G. BASU SARANI , KATWA , DIST. BURDWAN', '0', NULL, 'SUJIT', NULL, NULL, NULL),
(281, 'AMIRS FASTFOOD CENTRE', 'HA- 321/A, SALT LAKE SECTOR-03,KOLKATA-700047', '0', NULL, 'SUJIT', NULL, NULL, NULL),
(282, 'GANGURIA SKSU LTD (DD )', 'BANSHIHARI BLOCK\nDAKSHIN DINAJPUR', '0', NULL, 'SUJIT', NULL, NULL, NULL),
(283, 'BISHNUPUR ROWTARA PRIMARY AGRICULTURE', 'P.O. – NADIA BISHNUPUR , BLOCK :- KRISHNAGAR', '0', NULL, 'SUJIT', NULL, NULL, NULL),
(284, 'WESTERN FEE CAR PARKING CO OP SOCIETY LTD', 'BARABAZAR', '0', NULL, 'AMITS', NULL, NULL, NULL),
(285, 'SHANTI RANJAN MONDAL', 'ASANSOL , WB -39A / 2747', '0', NULL, 'SUJIT', NULL, NULL, NULL),
(286, 'AMAL DEBNATH', 'ASANSOL , WB-39 /2688', '0', NULL, 'SUJIT', NULL, NULL, NULL),
(287, 'LAXMI KANTA KUNDU', 'ASANSOL , WB- 37 / 3675', '0', NULL, 'SUJIT', NULL, NULL, NULL),
(288, 'ATULYA MUKHARJEE', 'ASANSOL , WB-39 / 0311', '0', NULL, 'SUJIT', NULL, NULL, NULL),
(289, 'JAISWAL SHAW', 'ASANSOL , WB -39 / 5566', '0', NULL, 'SUJIT', NULL, NULL, NULL),
(290, 'KALIPADA DAS', 'ASANSOL , WB -39 / 5566', '0', NULL, 'SUJIT', NULL, NULL, NULL),
(291, 'SYNDICATE BANK (JADAVPUR)', '3 NO CENTRAL ROAD, JADAVPUR', '0', NULL, 'AMITS', NULL, NULL, NULL),
(292, 'NIJAHAR MAJI', 'ASANSOL ,', '0', NULL, 'SUJIT', NULL, NULL, NULL),
(293, 'NIJAHAR MAJI', 'ASANSOL ,', '0', NULL, 'SUJIT', NULL, NULL, NULL),
(294, 'ROBIN ROY', '132/A , FAKIR PARA ROAD , KOLKATA - 37', '0', NULL, 'SUJIT', NULL, NULL, NULL),
(295, 'MAA BASULI SERVICE STATION', 'VILL + POST - GHORAMOULI P.S - CHANTA\nDIST - BANKURA', '0', NULL, 'SUJIT', NULL, NULL, NULL),
(296, 'MAA BASULI SERVICE STATION', 'VILL + POST - GHORAMOULI P.S - CHANTA\nDIST - BANKURA', '0', NULL, 'SUJIT', NULL, NULL, NULL),
(297, 'MAJHI LUBRICANT CENTER', 'ESSAR OIL LIMITED , GOBINDAPUR , PO. - RADHA GOBIND\nP.S - BAGHMUNDI , DIST - PURULIA', '0', NULL, 'SUJIT', NULL, NULL, NULL),
(298, 'THE CALCUTTA CORPORATION CO-OP SOCITY LTD', '1, HOGG BUILDING (1ST FLOOR) , KOLKATA – 87', '0', NULL, 'SUJIT', NULL, NULL, NULL),
(299, 'ROBIN ROY', '132/A , FAKIR PARA ROAD , KOLKATA - 37', '0', NULL, 'SUJIT', NULL, NULL, NULL),
(300, 'FOOD CITY RESTAURANT', 'HARIGHATA BAZAR , NADIA , 741257', '0', NULL, 'SUJIT', NULL, NULL, NULL),
(301, '99 KOMBO', 'BANGA LAXMI ABASAN, RAJARHAT ROAD,\nKOLKATA', '8777751593', NULL, 'SUJIT', NULL, NULL, NULL),
(302, 'WAHA KACHORI', 'AD 1, /1A , RAJAR HAT ROAD , KOLKATA - 59', '0', NULL, 'SUJIT', NULL, NULL, NULL),
(303, 'SYNDICATE BANK (BARABAZAR)', 'BARABAZAR', '0', NULL, 'BAPPA', NULL, NULL, NULL),
(305, 'WAHA KACHORI', 'AD 1, /1A , RAJAR HAT ROAD , KOLKATA - 59', '0', NULL, 'SUJIT', NULL, NULL, NULL),
(306, 'SHREE BALAJEE TRADERS', 'GUWAHATI , ASSAM', '0', NULL, 'SUJIT', NULL, NULL, NULL),
(307, 'KEWAL TRADERS', 'CARBYN CHOWK , NEW PAHARGAON ROAD ,\nPORT BLAIR , SOUTH ANDAMAN\nPIN - 744105', '0', NULL, 'SUJIT', NULL, NULL, NULL),
(308, 'SUMITA DAW', '272, SRIPUR BAGHERGHOLE PRANA ,\nKOLKATA - 700103', '0', NULL, 'SUJIT', NULL, NULL, NULL),
(309, 'SYNDICATE BANK(SANDLAWRENCE)', 'ST.LAWRENCE', '0', NULL, 'SANJAY', NULL, NULL, NULL),
(310, 'SHYAMAPRASANNA SKUS LTD.', 'VILL - BHAGABATIPUR , P.O. - CHATURBHUJKATI ,\nP.S. - SANKRALI , DIST - HOWRAH', '0', NULL, 'SUJIT', NULL, NULL, NULL),
(311, 'THE ASSAM CO-OPERATIVE APEX BANK LTD( HO)', 'PANBAZAR , GUWAHATI-781001', '0', NULL, 'SUJIT', NULL, NULL, NULL),
(312, 'NABADWIP THANA AGRICULTURE CO-OP MARKETING SO LTD', 'VILL - MIYAPARA , P.O. - JOANIA BHALUKA ,\nDIST - NADIA', '0', NULL, 'SUJIT', NULL, NULL, NULL),
(313, 'SABUJ SKUS LTD', 'VILL.-EKABBARPUR , P.O.-JUJERSAHA\nDIST.- HOWRAH , PIN.-711302', '0', NULL, 'SUJIT', NULL, NULL, NULL),
(314, 'THE BANKRA CO-OP CREDIT SOCIETY LTD', 'BANKRA DAKSHIN PALLY , P.O.- BANKRA\nP.S. - DOMJUR , DIST - HOWRAH ,', '0', NULL, 'SUJIT', NULL, NULL, NULL),
(315, 'ADI DRESSES', '10/11 NITHADHAN MUKHERJEE ROAD ,', '0', NULL, 'SUJIT', NULL, NULL, NULL),
(316, 'GOBRAPOTA KHANPUR SKUS', 'VILL+P.O. – GOBRAPOTA\nDIST - NADIA', '0', NULL, 'SUJIT', NULL, NULL, NULL),
(317, 'ABHISEK SARKAR', '1/2Q , R.K> W. LANE\nKOLKATA - 700010 , M -  9836091952', '0', NULL, 'SUJIT', NULL, NULL, NULL),
(318, 'TECHNOSYS', '124 SATYEN ROY ROAD,\nKOLKATA - 700034', '0', NULL, 'SUJIT', NULL, NULL, NULL),
(319, 'TRINETRA INDIA PROFICINENT NIDHI LTD.', 'ROOM - 1, GROUND FLOOR,WARD NO- 07\nCHATTAPUR SUPAUL\nBIHAR, PIN CODE - 852125', '0', NULL, 'SUJIT', NULL, NULL, NULL),
(320, 'THE NABADWIP CO OP CREDIT BANK LTD', '3. SREEBASH ANGAN ROAD, NABADWIP, NADIA, PINCODE- 741302', '9804365731', NULL, 'BAPPA', NULL, NULL, NULL),
(321, 'NEW HUNGRY CORNER', '1 TILAK NAGAR , RANIKUTHI , TOLLYGUNG ,\nKOLKATA - 40', '0', NULL, 'SUJIT', NULL, NULL, NULL),
(322, 'DIPA  ENTERPRISE', 'MASLANDAPUR TENTULIA ROAD\nNORTH 24 PARGANAS\nPIN CODE - 743289', '0', NULL, 'SUJIT', NULL, NULL, NULL),
(323, 'SUPRATIK PATRA', '50,SWATI ENCLAVE,1D RAJGARH LINK ROAD,\nANIL NAGAR , GUWAHATI - 781007', '0', NULL, 'SUJIT', NULL, NULL, NULL),
(324, 'SYNDICATE BANK(GARIA)', 'GARIA', '0', NULL, 'BAPPA', NULL, NULL, NULL),
(325, 'JAMSHEDPUR URBAN CO-OPERATIVE', 'TEWARY COMPLEX,IST FLOOR,, KASHIDIH CHAWK,SAKCHI, JAMSHEDPUR - 831001\nJHARKHAND', '0', NULL, 'SUJIT', NULL, NULL, NULL),
(326, 'CENTRAL KOLKATA CECULAR WELFARE SOC', 'KHADDA BHAVAN', '0', NULL, 'BAPPA', NULL, NULL, NULL),
(327, 'EUPHORIA INFOTECH (I) PVT LTD', '1/17 , DOVER PLACE KOLKATA - 700019', '0', NULL, 'SUJIT', NULL, NULL, NULL),
(328, 'SUMAN SWEET & SNAKES', '22,JUSTICE DWARKA NATH ROAD\nKOLKATA - 20', '0', NULL, 'SUJIT', NULL, NULL, NULL),
(329, 'ABS KITCHEN', 'P-5 C.I.T ROAD, SCHEME -VII\nKOLKATA - 700054', '0', NULL, 'SUJIT', NULL, NULL, NULL),
(330, 'TASTE MAKER', '27D , BOSE PUKUR ROAD , KOLKATA - 700042', '0', NULL, 'SUJIT', NULL, NULL, NULL),
(331, 'SIDDI VINAYAK ENTREPRISE', '35/1A , BEHARI KUNDU LANE , SHEORAPHULI\nHOOGHLY - 712223', '0', NULL, 'SUJIT', NULL, NULL, NULL),
(332, 'ANNAPURNA FAMILY RESTAURANT', 'CHAMPADALI K.N.C ROAD\nKOLKATA - 700124', '0', NULL, 'SUJIT', NULL, NULL, NULL),
(333, 'SUROJ KUMAR PRADHAN', '1268/3/F , FATEPUR , 2ND LANE , KOLKATA - 24', '0', NULL, 'SUJIT', NULL, NULL, NULL),
(334, 'UDAYNARAYANPUR AMTA CO OP CREDIT SOCIETY', 'UDAYNARAYANPUR, HOWRAH', '0', NULL, 'BAPPA', NULL, NULL, NULL),
(335, 'GREENZEN BIO PVT LTD', 'S-25, 2ND FLOOR, PBR TOWER, NEAR DON BOSCO MORE,\nSEVOKE ROAD, SILIGURI, PIN- 734001.', '0', NULL, 'SUJIT', NULL, NULL, NULL),
(336, 'MARUGANJ S.K.U.S LTD', 'MARADANGA, TUFANGANJ-1,  COOCH BEHAR, PINCODE-736156', '9563410665', NULL, 'BAPPA', NULL, NULL, NULL),
(338, 'RATAN  SHAW', '99  COTTON STREET\nKOLKATA', '0', NULL, 'SUJIT', NULL, NULL, NULL),
(339, 'SOUTH CITY PROJECTS KOLKATA LTD', '375 , PRINCE ANWAR SAHA ROAD ,\nKOLKATA – 700068', '0', NULL, 'SUJIT', NULL, NULL, NULL),
(340, 'MUMS KITCHEN', '100/H/15 , KABI SUKANTA SARANI ,\nKOLKATA - 700085', '0', NULL, 'SUJIT', NULL, NULL, NULL),
(341, 'SWADER KITCHEN', 'PODDARNAGAR COLONY , KOL - 68', '0', NULL, 'SUJIT', NULL, NULL, NULL),
(342, 'DOONS CATERER', 'SEALDAH , KOLKATA', '0', NULL, 'SUJIT', NULL, NULL, NULL),
(343, 'RANIPUR SKUS LTD', 'BURWAN KANDI MURSIDABAD', '0', NULL, 'SUJIT', NULL, NULL, NULL),
(344, 'BRAHAMANAGAR  SKUS LTD', 'USHIDPUR , DIST- NADIA ,', '0', NULL, 'SUJIT', NULL, NULL, NULL),
(345, 'SANTANU GHOSH', 'ASANSOL', '0', NULL, 'SUJIT', NULL, NULL, NULL),
(346, 'ASOKA DHANKUNI KHARAGPUR TOLLWAY LTD', 'DHULAGORH, HOWRAH', '26616111', NULL, 'BAPPA', NULL, NULL, NULL),
(347, 'SYNDICATE BANK (ALIPORE)', 'ALIPORE', '0', NULL, 'BAPPA', NULL, NULL, NULL),
(348, 'CALCUTTA CO OP FEE CAR PARKING SOCIETY LTD', '157, NANDI BAGAN RD, KOLKATA -78', '9874341404', NULL, 'BAPPA', NULL, NULL, NULL),
(349, 'ISGPP (INSTITUTIONAL STRENGTHENING OF GRAM PANCHAYATS)', 'MILLENNIUM CITY IT PARK\nTOWER-II, 3RD FLOOR, UNIT D\nDN 62, SECTOR-V, SALT LAKE CITY\nKOLKATA 700091', '7980024108', NULL, 'BAPPA', NULL, NULL, NULL),
(350, 'SYNDICATE BANK (BARUIPUR)', 'BARUIPUR, KOLKATA-144', '0', NULL, 'BAPPA', NULL, NULL, NULL),
(351, 'BARABAZAR FEE PARKING CO OP SOCIETY LTD', 'RAJENDRA PRASAD ROAD, BARABAZAR, KOLKATA-1', '0', NULL, 'BAPPA', NULL, NULL, NULL),
(352, 'SYNDICATE BANK(KAKDWIP)', 'KAKDWIP, PINCODE-743347', '0', NULL, 'BAPPA', NULL, NULL, NULL),
(353, 'RISHRA PEOPLES CO OP CREDIT SOCIETY LTD', 'SUBHAS NAGAR D BLOCK, POST-MOREPUKUR, RISHRA, PINCODE-712246', '9874822443', NULL, 'BAPPA', NULL, NULL, NULL),
(354, 'SYNDICATE BANK (BARAKPUR)', '95 BARASAT ROAD, KOL-122', '0', NULL, 'BAPPA', NULL, NULL, NULL),
(355, 'SYNDICATE BANK(BABUIHATI)', 'BABUIHATI', '0', NULL, 'BAPPA', NULL, NULL, NULL),
(356, 'SYNDICATE BANK (BEHALA)', 'BEHALA', '0', NULL, 'BAPPA', NULL, NULL, NULL),
(357, 'SYNDICATE BANK(ESPLANADE)', 'ESPLANADE KOLKATA-72', '0', NULL, 'SANJOY', NULL, NULL, NULL),
(358, 'KAKDIP UNION CO OP LS PAES LTD', 'KAKDIP', '9732911669', NULL, 'SANJOY', NULL, NULL, NULL),
(359, 'DAKHINAPAN SHOP HOLDER M.SOCIETY', 'GARIAHAT ROAD KOLKATA-19', '0', NULL, 'SANJOY', NULL, NULL, NULL),
(360, 'SYNDICATE BANK(HALDIA)', 'HALDIA, AKASH GANGA COMPLEX, PINCODE-721602', '0', NULL, 'BAPPA', NULL, NULL, NULL),
(361, 'SYNDICATE BANK(LAKE GARDENS)', 'LAKE GARDENS , KOL-45', '0', NULL, 'BAPPA', NULL, NULL, NULL),
(362, 'SYNDICATE BANK(DAKSHIN DURGAPUR)', 'DAKSHIN DURGAPUR, P.S- BARUIPUR, PIN-743610', '0', NULL, 'BAPPA', NULL, NULL, NULL),
(363, 'SYNICATE BANK (RANIGANJ)', 'TILAK ROAD, RANIGANJ PINCODE-713347', '0', NULL, 'BAPPA', NULL, NULL, NULL),
(364, 'SYNDICATE BANK (HOWRAH)', '42 GT ROAD, SOUTH HOWRAH', '0', NULL, 'BAPPA', NULL, NULL, NULL),
(365, 'SYNDICATE BANK (GARIAHAT)', '226B RB AVINEW KOL-19', '0', NULL, 'BAPPA', NULL, NULL, NULL),
(366, 'SYNDICATE BANK(BANKURA)', 'DHAGARIA BRANCH', '7797601074', NULL, 'SANJOY', NULL, NULL, NULL),
(367, 'SYNDICATE BANK (ASANSOL)', '16 G.C MITRA ROAD, HUTTON ROAD, ASANSOL-1', '0', NULL, 'BAPPA', NULL, NULL, NULL),
(368, 'SYNDICATE BANK(DHARMATALA)', 'DHARMATALA', '0', NULL, 'SANJOY', NULL, NULL, NULL),
(369, 'PRESTIGE FEE CAR PARKING SOCIETY LTD', 'SYED SALLY LANE, KOL-07', '0', NULL, 'BAPPA', NULL, NULL, NULL),
(370, 'SAIBAL BOSE', 'DURGAPUR', '0', NULL, 'BAPPA', NULL, NULL, NULL),
(371, 'FEE CAR PARKING', 'HIND CINEMA', '0', NULL, 'BAPPA', NULL, NULL, NULL),
(372, 'SYNDICATE BANK (BHAWANIBATI)', 'VILL+P.O- JOYKRISHNAPUR, PIN-742224,\nDIST- MURSHIDABAD', '0', NULL, 'BAPPA', NULL, NULL, NULL),
(373, 'SYNDICATE BANK (THAKURPOTH)', 'DHUPGURI, SILIGURI', '0', NULL, 'BAPPA', NULL, NULL, NULL),
(374, 'SYNDICATE BANK (SALTLAKE)', 'SALTLAKE', '0', NULL, 'BAPPA', NULL, NULL, NULL),
(375, 'SYNDICATE BANK ( MANICKTALA)', 'MANICKTALA', '0', NULL, 'BAPPA', NULL, NULL, NULL),
(376, 'SYNDICATE BANK(KAMARHATI', '7NO, NILLGANJ ROAD, BELGHORIA 56', '0', NULL, 'BAPPA', NULL, NULL, NULL);

-- --------------------------------------------------------

--
-- Table structure for table `md_mc_type`
--

CREATE TABLE `md_mc_type` (
  `mc_id` int(10) NOT NULL,
  `mc_type` varchar(100) NOT NULL,
  `created_by` varchar(50) DEFAULT NULL,
  `created_dt` datetime DEFAULT NULL,
  `modified_by` varchar(50) DEFAULT NULL,
  `modified_dt` datetime DEFAULT NULL
) ENGINE=InnoDB DEFAULT CHARSET=latin1;

--
-- Dumping data for table `md_mc_type`
--

INSERT INTO `md_mc_type` (`mc_id`, `mc_type`, `created_by`, `created_dt`, `modified_by`, `modified_dt`) VALUES
(1, 'Billing Machine _ BBP2T', 'sss', '2019-03-01 05:40:23', NULL, NULL),
(2, 'Billing Machine _ BBP2T- Juniour', 'sss', '2019-03-01 05:40:51', NULL, NULL),
(3, 'Billing Machine _ BBP3T', 'sss', '2019-03-01 05:41:05', NULL, NULL),
(4, 'BPOS Tharmal Printer 3TU', 'sss', '2019-03-01 05:41:15', NULL, NULL),
(5, 'ETIM Machine-DDS', 'sss', '2019-03-01 05:41:25', NULL, NULL),
(6, 'ETIM _Parking/ Petrol Pump / Others', 'sss', '2019-03-01 05:41:36', NULL, NULL),
(7, 'BLUETOOTH PRINTER 3 Inch', 'sss', '2019-03-01 05:41:46', NULL, NULL);

-- --------------------------------------------------------

--
-- Table structure for table `md_parts`
--

CREATE TABLE `md_parts` (
  `sl_no` int(10) NOT NULL,
  `parts_desc` varchar(100) NOT NULL,
  `created_by` varchar(50) DEFAULT NULL,
  `created_dt` datetime DEFAULT NULL,
  `modified_by` varchar(50) DEFAULT NULL,
  `modified_dt` datetime DEFAULT NULL
) ENGINE=InnoDB DEFAULT CHARSET=latin1;

--
-- Dumping data for table `md_parts`
--

INSERT INTO `md_parts` (`sl_no`, `parts_desc`, `created_by`, `created_dt`, `modified_by`, `modified_dt`) VALUES
(1, 'PRINTER-2 Inch', 'sss', '2019-03-01 05:43:01', NULL, NULL),
(2, 'PRINTER-3 Inch', 'sss', '2019-03-01 05:43:11', NULL, NULL),
(3, 'BATTERY-7.4V BHP', 'sss', '2019-03-01 05:43:21', NULL, NULL),
(4, 'BATTERY-3.V', 'sss', '2019-03-01 05:43:31', NULL, NULL),
(5, 'GAER SET', 'sss', '2019-03-01 05:43:39', NULL, NULL),
(6, 'PAPER FLAP-2 Inch', 'sss', '2019-03-01 05:43:48', NULL, NULL),
(7, 'PAPER FLAP-3 Inch', 'sss', '2019-03-01 05:43:59', NULL, NULL),
(8, 'PAPER ROLLER-2 Inch', 'sss', '2019-03-01 05:44:08', NULL, NULL),
(9, 'PAPER ROLLER-3 Inch', 'sss', '2019-03-01 05:44:26', NULL, NULL),
(10, 'CHARGER-9.V BT', 'sss', '2019-03-01 05:44:34', NULL, NULL),
(11, 'CHARGER-10.2V BHP', 'sss', '2019-03-01 05:44:43', NULL, NULL),
(12, 'CHARGER-10.2V BBP', 'sss', '2019-03-01 05:44:53', NULL, NULL),
(13, 'KEYPAD BUS TICKET', 'sss', '2019-03-01 05:45:04', NULL, NULL),
(14, 'KEYPAD PARKING', 'sss', '2019-03-01 05:45:12', NULL, NULL),
(15, 'KEYPAD BANKING', 'sss', '2019-03-01 05:45:21', NULL, NULL),
(16, 'REXIN BAG', 'sss', '2019-03-01 05:45:28', NULL, NULL),
(17, 'USB CABLE BT', 'sss', '2019-03-01 05:45:36', NULL, NULL),
(18, 'PCB-BHP', 'sss', '2019-03-01 05:45:43', NULL, NULL),
(19, 'PCB-BBP', 'sss', '2019-03-01 05:45:53', NULL, NULL),
(20, 'PCB-BT', 'sss', '2019-03-01 05:46:00', NULL, NULL),
(21, 'DISPLAY-BHP', 'sss', '2019-03-01 05:46:11', NULL, NULL),
(22, 'DISPLAY-BBP', 'sss', '2019-03-01 05:46:23', NULL, NULL),
(23, 'ABB BOX-BT', 'sss', '2019-03-01 05:46:31', NULL, NULL),
(24, 'ABB BOX-BHP', 'sss', '2019-03-01 05:46:39', NULL, NULL),
(25, 'METAL CUTTER', 'sss', '2019-03-01 05:46:47', NULL, NULL),
(26, 'RESET SWITCH', 'sss', '2019-03-01 05:46:55', 'sss', '2019-03-01 05:47:05'),
(27, 'ABB BOX-BBP', 'sss', '2019-03-01 05:47:17', NULL, NULL),
(28, 'BATTERY 7.4v BT', 'sss', '2019-03-01 05:47:25', NULL, NULL),
(29, 'USB CABLE BHP', 'sss', '2019-03-01 05:47:33', NULL, NULL),
(30, 'BBP BATTERY', 'sss', '2019-03-01 05:47:41', NULL, NULL),
(31, 'BBP KEYPAD', 'sss', '2019-03-01 05:47:49', NULL, NULL),
(32, 'BBP FLIP COVER 2 Inch', 'sss', '2019-03-01 05:47:58', NULL, NULL),
(33, 'BBP FLIP COVER 3 Inch', 'sss', '2019-03-01 05:48:07', NULL, NULL),
(34, 'BBP GLASS', 'sss', '2019-03-01 05:48:15', NULL, NULL),
(35, 'BBP CHARGER', 'sss', '2019-03-01 05:48:25', NULL, NULL),
(36, 'ON/OFF IC', 'sss', '2019-03-01 05:48:32', NULL, NULL);

-- --------------------------------------------------------

--
-- Table structure for table `md_problem`
--

CREATE TABLE `md_problem` (
  `sl_no` int(10) NOT NULL,
  `problem_desc` varchar(100) NOT NULL,
  `created_by` varchar(50) DEFAULT NULL,
  `created_dt` datetime DEFAULT NULL,
  `modified_by` varchar(50) DEFAULT NULL,
  `modified_dt` datetime DEFAULT NULL
) ENGINE=InnoDB DEFAULT CHARSET=latin1;

--
-- Dumping data for table `md_problem`
--

INSERT INTO `md_problem` (`sl_no`, `problem_desc`, `created_by`, `created_dt`, `modified_by`, `modified_dt`) VALUES
(1, 'BATTERY PROBLEM', 'sss', '2019-03-01 05:52:11', NULL, NULL),
(2, 'PRINTING PROBLEM', 'sss', '2019-03-01 05:52:22', NULL, NULL),
(3, 'PCB ON / OFF PROBLEM', 'sss', '2019-03-01 05:52:29', NULL, NULL),
(4, 'SWITCH ON/ OFF PROBLEM', 'sss', '2019-03-01 05:52:37', NULL, NULL),
(5, 'CHARGING PROBLEM', 'sss', '2019-03-01 05:52:46', NULL, NULL),
(6, 'ABB BOX BROKEN', 'sss', '2019-03-01 05:52:54', NULL, NULL),
(7, 'LOW BATTERY PROBLEM', 'sss', '2019-03-01 05:53:05', NULL, NULL),
(8, 'WHITE DISPLAY PROBLEM', 'sss', '2019-03-01 05:53:14', NULL, NULL),
(9, 'KEYPAD BROKEN', 'sss', '2019-03-01 05:53:21', NULL, NULL),
(10, 'RESET SWITCH BROKEN', 'sss', '2019-03-01 05:53:28', NULL, NULL),
(11, 'PCB DISPLAY LIGHT PROBLEM', 'sss', '2019-03-01 05:53:36', NULL, NULL),
(12, 'DATE &amp;AMP; TIME ERROR', 'sss', '2019-03-01 05:53:44', NULL, NULL),
(13, 'DATA CABLE PROBLEM', 'sss', '2019-03-01 05:53:55', NULL, NULL),
(14, 'DATA CARPT', 'sss', '2019-03-01 05:54:03', NULL, NULL),
(15, 'DATA MEMORY PROBLEM', 'sss', '2019-03-01 05:54:11', NULL, NULL),
(16, 'DISPLAY GLASS BROKEN', 'sss', '2019-03-01 05:54:19', NULL, NULL),
(17, 'PCB HUNG PROBLEM', 'sss', '2019-03-01 05:54:27', NULL, NULL),
(18, 'NO BUZZER SOUND', 'sss', '2019-03-01 05:54:35', NULL, NULL),
(19, 'PAPER FLAP BROKEN', 'sss', '2019-03-01 05:54:42', NULL, NULL),
(20, 'ROLLER MISSING', 'sss', '2019-03-01 05:54:48', NULL, NULL),
(21, 'RIFD NO WORKING', 'sss', '2019-03-01 05:54:55', NULL, NULL),
(22, 'USB CONNECTER PROBLEM', 'sss', '2019-03-01 05:55:04', NULL, NULL),
(23, 'CHARGING CONNECTER PROBLEM', 'sss', '2019-03-01 05:55:22', NULL, NULL),
(24, 'KEYPAD NOT WORKING', 'sss', '2019-03-01 05:55:34', NULL, NULL),
(25, 'WHITE PRINT', 'sss', '2019-03-01 05:55:41', NULL, NULL),
(26, 'CHARGER PROBLEM', 'sss', '2019-03-01 05:55:51', NULL, NULL);

-- --------------------------------------------------------

--
-- Table structure for table `md_service_centre`
--

CREATE TABLE `md_service_centre` (
  `sl_no` int(10) NOT NULL,
  `center_name` varchar(100) NOT NULL,
  `address` varchar(100) DEFAULT NULL,
  `cnct_no` varchar(50) DEFAULT NULL,
  `email` varchar(50) DEFAULT NULL,
  `in_charge` varchar(100) DEFAULT NULL,
  `created_by` varchar(50) DEFAULT NULL,
  `created_dt` datetime DEFAULT NULL,
  `modified_by` varchar(50) DEFAULT NULL,
  `modified_dt` datetime DEFAULT NULL
) ENGINE=InnoDB DEFAULT CHARSET=latin1;

--
-- Dumping data for table `md_service_centre`
--

INSERT INTO `md_service_centre` (`sl_no`, `center_name`, `address`, `cnct_no`, `email`, `in_charge`, `created_by`, `created_dt`, `modified_by`, `modified_dt`) VALUES
(1, 'Kolkata', '55D Desapran Sasmal Road\r\nKolkata-700033', '03324244745', 'info@synergicsoftek.com', 'Amit Kumar Singh', 'sss', '2019-03-01 05:50:21', NULL, NULL),
(2, 'Siliguri', 'Siliguri,West Bengal', '8017230761', '', 'Rakesh Singh', 'sss', '2019-03-01 05:51:21', NULL, NULL);

-- --------------------------------------------------------

--
-- Table structure for table `md_tech`
--

CREATE TABLE `md_tech` (
  `emp_code` varchar(50) NOT NULL,
  `tech_name` varchar(100) NOT NULL,
  `tech_ph` varchar(50) NOT NULL,
  `created_by` varchar(50) DEFAULT NULL,
  `created_dt` date DEFAULT NULL,
  `modified_by` varchar(50) DEFAULT NULL,
  `modified_dt` date DEFAULT NULL
) ENGINE=InnoDB DEFAULT CHARSET=latin1;

--
-- Dumping data for table `md_tech`
--

INSERT INTO `md_tech` (`emp_code`, `tech_name`, `tech_ph`, `created_by`, `created_dt`, `modified_by`, `modified_dt`) VALUES
('112', 'Debdas Sardar', '0000000000', 'sss', '2019-03-01', NULL, NULL),
('115', 'Bappa Mondal', '0000000000', 'sss', '2019-03-01', NULL, NULL),
('117', 'Biswajit Chakraborty', '0000000000', 'sss', '2019-03-01', NULL, NULL),
('19', 'Amit Kr Singh', '9748767313', 'sss', '2019-03-01', NULL, NULL),
('57', 'Rakesh Kumar Singh', '0000000000', 'sss', '2019-03-01', NULL, NULL),
('80', 'Amit Kumar Datta', '0000000000', 'sss', '2019-03-01', NULL, NULL),
('84', 'Sanjoy Prasad', '0000000000', 'sss', '2019-03-01', NULL, NULL);

-- --------------------------------------------------------

--
-- Table structure for table `md_users`
--

CREATE TABLE `md_users` (
  `user_id` varchar(50) NOT NULL,
  `password` varchar(100) NOT NULL,
  `user_type` char(1) NOT NULL,
  `user_name` varchar(100) NOT NULL,
  `user_status` char(1) NOT NULL,
  `created_by` varchar(50) DEFAULT NULL,
  `created_dt` datetime DEFAULT NULL,
  `modified_by` varchar(50) DEFAULT NULL,
  `modified_dt` datetime DEFAULT NULL
) ENGINE=InnoDB DEFAULT CHARSET=latin1;

--
-- Dumping data for table `md_users`
--

INSERT INTO `md_users` (`user_id`, `password`, `user_type`, `user_name`, `user_status`, `created_by`, `created_dt`, `modified_by`, `modified_dt`) VALUES
('sss', '$2y$10$60KbbFvsMr8Z8gatA.oFqehmwVaa2g7GES0wkmZxRDc95hHaSqNy6', 'A', 'Synergic', 'A', 'Tan', '2018-11-19 00:00:00', 'sss', '2019-03-08 11:24:52');

-- --------------------------------------------------------

--
-- Table structure for table `td_audit_trail`
--

CREATE TABLE `td_audit_trail` (
  `sl_no` int(11) NOT NULL,
  `login_dt` datetime NOT NULL,
  `user_id` varchar(50) NOT NULL,
  `user_name` varchar(100) DEFAULT NULL,
  `terminal_name` varchar(50) DEFAULT NULL,
  `logout_dt` datetime DEFAULT NULL
) ENGINE=InnoDB DEFAULT CHARSET=latin1;

--
-- Dumping data for table `td_audit_trail`
--

INSERT INTO `td_audit_trail` (`sl_no`, `login_dt`, `user_id`, `user_name`, `terminal_name`, `logout_dt`) VALUES
(140, '2019-03-01 05:25:06', 'sss', '', '127.0.0.1', NULL),
(141, '2019-03-01 05:25:50', 'sss', '', '127.0.0.1', NULL),
(142, '2019-03-01 05:40:12', 'sss', '', '127.0.0.1', NULL),
(143, '2019-03-01 06:45:36', 'sss', '', '127.0.0.1', NULL),
(144, '2019-03-01 06:57:47', 'sss', '', '127.0.0.1', NULL),
(145, '2019-03-01 08:33:05', 'amit', '', '127.0.0.1', NULL),
(146, '2019-03-01 09:26:02', 'amit', '', '127.0.0.1', NULL),
(147, '2019-03-01 09:45:21', 'amit', '', '127.0.0.1', NULL),
(148, '2019-03-01 11:45:21', 'BAPPA MONDAL', '', '127.0.0.1', NULL),
(149, '2019-03-04 05:37:34', 'BAPPA MONDAL', '', '127.0.0.1', NULL),
(150, '2019-03-04 07:28:06', 'BAPPA MONDAL', '', '127.0.0.1', NULL),
(151, '2019-03-04 10:36:54', 'amit', '', '127.0.0.1', NULL),
(152, '2019-03-04 10:43:33', 'BAPPA MONDAL', '', '127.0.0.1', NULL),
(153, '2019-03-04 12:47:08', 'sss', '', '127.0.0.1', NULL),
(154, '2019-03-05 09:58:28', 'sss', '', '127.0.0.1', NULL),
(155, '2019-03-05 10:03:10', 'sss', '', '127.0.0.1', NULL),
(156, '2019-03-06 10:36:12', 'sss', '', '::1', NULL),
(157, '2019-03-06 11:35:39', 'sss', '', '::1', NULL),
(158, '2019-03-06 11:38:15', 'sss', '', '::1', NULL),
(159, '2019-03-06 12:53:12', 'sss', '', '::1', NULL),
(160, '2019-03-06 03:54:06', 'sss', '', '::1', NULL),
(161, '2019-03-06 03:57:17', 'sss', '', '::1', NULL),
(162, '2019-03-06 04:01:41', 'sss', '', '::1', NULL),
(163, '2019-03-06 04:05:21', 'sss', '', '::1', NULL),
(164, '2019-03-06 04:05:35', 'sss', '', '::1', NULL),
(165, '2019-03-06 04:31:31', 'sss', '', '::1', NULL),
(166, '2019-03-06 04:43:24', 'sss', '', '::1', NULL),
(167, '2019-03-06 05:33:53', 'sss', '', '::1', NULL),
(168, '2019-03-08 11:05:01', 'sss', '', '::1', NULL),
(169, '2019-03-08 11:25:05', 'sss', '', '::1', NULL),
(170, '2019-03-08 02:23:12', 'sss', '', '::1', NULL),
(171, '2019-03-08 03:16:00', 'sss', '', '::1', NULL);

-- --------------------------------------------------------

--
-- Table structure for table `td_mc_trans`
--

CREATE TABLE `td_mc_trans` (
  `trans_dt` date NOT NULL,
  `trans_cd` int(10) NOT NULL,
  `cust_cd` int(10) NOT NULL,
  `trans_type` char(1) NOT NULL,
  `mc_type_id` int(10) NOT NULL,
  `sl_no` varchar(50) NOT NULL,
  `mc_prob` int(10) NOT NULL,
  `warr_status` char(1) NOT NULL,
  `mc_qty` int(10) NOT NULL DEFAULT '0',
  `srv_ctr` int(5) NOT NULL,
  `cust_person` varchar(100) NOT NULL,
  `cust_per_ph` varchar(50) NOT NULL,
  `engg_invol` varchar(100) NOT NULL,
  `bill_no` varchar(50) DEFAULT NULL,
  `amount` decimal(10,2) NOT NULL DEFAULT '0.00',
  `remarks` varchar(100) NOT NULL,
  `approval_status` char(1) NOT NULL DEFAULT 'U',
  `created_by` varchar(50) DEFAULT NULL,
  `created_dt` datetime DEFAULT NULL,
  `approved_by` varchar(50) DEFAULT NULL,
  `approved_dt` datetime DEFAULT NULL,
  `modified_by` varchar(50) DEFAULT NULL,
  `modified_dt` datetime DEFAULT NULL
) ENGINE=InnoDB DEFAULT CHARSET=latin1;

--
-- Dumping data for table `td_mc_trans`
--

INSERT INTO `td_mc_trans` (`trans_dt`, `trans_cd`, `cust_cd`, `trans_type`, `mc_type_id`, `sl_no`, `mc_prob`, `warr_status`, `mc_qty`, `srv_ctr`, `cust_person`, `cust_per_ph`, `engg_invol`, `bill_no`, `amount`, `remarks`, `approval_status`, `created_by`, `created_dt`, `approved_by`, `approved_dt`, `modified_by`, `modified_dt`) VALUES
('2019-03-04', 20191, 346, 'I', 6, '917050944', 3, 'O', 0, 1, 'Unknown', '0000000000', 'Bappa', NULL, '0.00', 'Programming switch broken', 'A', 'BAPPA MONDAL', '2019-03-04 05:46:06', 'BAPPA MONDAL', '2019-03-04 06:06:13', NULL, NULL),
('2019-03-04', 20191, 346, 'O', 6, '917050944', 3, 'O', 0, 1, 'sff', '56789875645342', '115', 'zcvgfh', '1234.00', 'Zxvbcnvm', 'A', 'amit', '2019-03-04 10:37:47', 'amit', '2019-03-04 10:37:47', NULL, NULL),
('2019-03-04', 20191, 346, 'S', 6, '917050944', 3, 'O', 0, 1, 'Unknown', '0000000000', '115', NULL, '0.00', 'Pcb exchange (ONIC)', 'A', 'BAPPA MONDAL', '2019-03-04 06:06:13', 'amit', '2019-03-04 10:37:47', NULL, NULL),
('2019-03-05', 20192, 320, 'I', 5, '916082642', 14, 'O', 0, 1, 'Courier', '9804365731', 'Bappa', NULL, '0.00', 'Display & software problem', 'A', 'BAPPA MONDAL', '2019-03-04 07:33:45', 'BAPPA MONDAL', '2019-03-04 07:35:37', NULL, NULL),
('2019-03-05', 20192, 320, 'O', 5, '916082642', 14, 'O', 0, 1, 'sss', '8240378957', '84', '', '1000.00', 'bdfb', 'A', 'sss', '2019-03-05 03:48:37', 'sss', '2019-03-05 03:48:37', NULL, NULL),
('2019-03-05', 20192, 320, 'S', 5, '916082642', 14, 'O', 0, 1, 'Courier', '9804365731', '84', NULL, '0.00', 'PCB Exchange', 'A', 'BAPPA MONDAL', '2019-03-04 07:35:37', 'sss', '2019-03-05 03:48:37', NULL, NULL),
('2019-03-05', 20192, 320, 'I', 5, 'AF', 11, 'O', 0, 1, 'Courier', '9804365731', 'Bappa', NULL, '0.00', 'Display & software problem', 'A', 'BAPPA MONDAL', '2019-03-04 07:33:45', 'BAPPA MONDAL', '2019-03-04 07:36:11', NULL, NULL),
('2019-03-05', 20192, 320, 'S', 5, 'AF', 11, 'O', 0, 1, 'Courier', '9804365731', '84', NULL, '0.00', 'PCB Exchange', 'U', 'BAPPA MONDAL', '2019-03-04 07:36:11', 'BAPPA MONDAL', '2019-03-04 07:44:04', NULL, NULL);

-- --------------------------------------------------------

--
-- Table structure for table `td_parts_trans`
--

CREATE TABLE `td_parts_trans` (
  `trans_dt` date NOT NULL,
  `trans_no` int(10) NOT NULL,
  `trans_type` char(1) NOT NULL,
  `bill_no` varchar(50) NOT NULL,
  `arrival_dt` date NOT NULL,
  `comp_sl_no` int(10) NOT NULL,
  `parts_desc` varchar(100) NOT NULL,
  `comp_qty` int(10) NOT NULL DEFAULT '0',
  `serv_ctr` int(10) NOT NULL,
  `remarks` varchar(100) DEFAULT NULL,
  `oder_by` varchar(100) DEFAULT NULL,
  `trf_mode` char(1) DEFAULT NULL,
  `srv_to` int(10) NOT NULL DEFAULT '0',
  `balance` int(10) NOT NULL DEFAULT '0',
  `sl_no` varchar(50) DEFAULT NULL,
  `created_by` varchar(50) DEFAULT NULL,
  `created_dt` datetime DEFAULT NULL,
  `modified_by` varchar(50) DEFAULT NULL,
  `modified_dt` datetime DEFAULT NULL,
  `approval_status` char(1) NOT NULL DEFAULT 'U',
  `approved_by` varchar(50) DEFAULT NULL,
  `approved_dt` datetime DEFAULT NULL
) ENGINE=InnoDB DEFAULT CHARSET=latin1;

--
-- Dumping data for table `td_parts_trans`
--

INSERT INTO `td_parts_trans` (`trans_dt`, `trans_no`, `trans_type`, `bill_no`, `arrival_dt`, `comp_sl_no`, `parts_desc`, `comp_qty`, `serv_ctr`, `remarks`, `oder_by`, `trf_mode`, `srv_to`, `balance`, `sl_no`, `created_by`, `created_dt`, `modified_by`, `modified_dt`, `approval_status`, `approved_by`, `approved_dt`) VALUES
('2019-03-01', 2, 'O', '20191', '2019-03-01', 10, 'CHARGER-9.V BT', -1, 1, 'yhu', NULL, NULL, 0, 0, '123456', 'amit', '2019-03-01 08:42:36', NULL, NULL, 'U', NULL, NULL),
('2019-03-01', 3, 'O', '20192', '2019-03-01', 10, 'CHARGER-9.V BT', -1, 1, 'DGD', NULL, NULL, 0, 0, '56I8780', 'amit', '2019-03-01 08:48:56', NULL, NULL, 'U', NULL, NULL),
('2019-03-04', 1, 'O', '20191', '2019-03-04', 18, 'PCB-BHP', -1, 1, 'Pcb exchange (ONIC)', NULL, NULL, 0, 0, '917050944', 'BAPPA MONDAL', '2019-03-04 06:06:13', NULL, NULL, 'U', NULL, NULL),
('2019-03-05', 2, 'O', '20192', '2019-03-04', 18, 'PCB-BHP', -1, 1, 'PCB Exchange', NULL, NULL, 0, 0, '916082642', 'BAPPA MONDAL', '2019-03-04 07:35:37', NULL, NULL, 'U', NULL, NULL),
('2019-03-05', 3, 'O', '20192', '2019-03-04', 18, 'PCB-BHP', -1, 1, 'PCB Exchange', NULL, NULL, 0, 0, 'AF', 'BAPPA MONDAL', '2019-03-04 07:36:11', NULL, NULL, 'U', NULL, NULL);

--
-- Indexes for dumped tables
--

--
-- Indexes for table `md_customers`
--
ALTER TABLE `md_customers`
  ADD PRIMARY KEY (`cust_cd`);

--
-- Indexes for table `md_mc_type`
--
ALTER TABLE `md_mc_type`
  ADD PRIMARY KEY (`mc_id`);

--
-- Indexes for table `md_parts`
--
ALTER TABLE `md_parts`
  ADD PRIMARY KEY (`sl_no`);

--
-- Indexes for table `md_problem`
--
ALTER TABLE `md_problem`
  ADD PRIMARY KEY (`sl_no`);

--
-- Indexes for table `md_service_centre`
--
ALTER TABLE `md_service_centre`
  ADD PRIMARY KEY (`sl_no`);

--
-- Indexes for table `md_tech`
--
ALTER TABLE `md_tech`
  ADD PRIMARY KEY (`emp_code`);

--
-- Indexes for table `md_users`
--
ALTER TABLE `md_users`
  ADD PRIMARY KEY (`user_id`);

--
-- Indexes for table `td_audit_trail`
--
ALTER TABLE `td_audit_trail`
  ADD PRIMARY KEY (`sl_no`);

--
-- Indexes for table `td_mc_trans`
--
ALTER TABLE `td_mc_trans`
  ADD PRIMARY KEY (`trans_dt`,`trans_cd`,`sl_no`,`trans_type`) USING BTREE;

--
-- Indexes for table `td_parts_trans`
--
ALTER TABLE `td_parts_trans`
  ADD PRIMARY KEY (`trans_dt`,`trans_no`,`comp_sl_no`);

--
-- AUTO_INCREMENT for dumped tables
--

--
-- AUTO_INCREMENT for table `md_customers`
--
ALTER TABLE `md_customers`
  MODIFY `cust_cd` int(20) NOT NULL AUTO_INCREMENT, AUTO_INCREMENT=377;
--
-- AUTO_INCREMENT for table `md_mc_type`
--
ALTER TABLE `md_mc_type`
  MODIFY `mc_id` int(10) NOT NULL AUTO_INCREMENT, AUTO_INCREMENT=8;
--
-- AUTO_INCREMENT for table `md_parts`
--
ALTER TABLE `md_parts`
  MODIFY `sl_no` int(10) NOT NULL AUTO_INCREMENT, AUTO_INCREMENT=37;
--
-- AUTO_INCREMENT for table `md_problem`
--
ALTER TABLE `md_problem`
  MODIFY `sl_no` int(10) NOT NULL AUTO_INCREMENT, AUTO_INCREMENT=27;
--
-- AUTO_INCREMENT for table `md_service_centre`
--
ALTER TABLE `md_service_centre`
  MODIFY `sl_no` int(10) NOT NULL AUTO_INCREMENT, AUTO_INCREMENT=3;
--
-- AUTO_INCREMENT for table `td_audit_trail`
--
ALTER TABLE `td_audit_trail`
  MODIFY `sl_no` int(11) NOT NULL AUTO_INCREMENT, AUTO_INCREMENT=172;
/*!40101 SET CHARACTER_SET_CLIENT=@OLD_CHARACTER_SET_CLIENT */;
/*!40101 SET CHARACTER_SET_RESULTS=@OLD_CHARACTER_SET_RESULTS */;
/*!40101 SET COLLATION_CONNECTION=@OLD_COLLATION_CONNECTION */;
